# maturity time: 1.000000
# model size: 40
# number of dates: 365
# spot: 100.000000 100.000000 100.000000 100.000000 100.000000 100.000000 100.000000 100.000000 100.000000 100.000000 100.000000 100.000000 100.000000 100.000000 100.000000 100.000000 100.000000 100.000000 100.000000 100.000000 100.000000 100.000000 100.000000 100.000000 100.000000 100.000000 100.000000 100.000000 100.000000 100.000000 100.000000 100.000000 100.000000 100.000000 100.000000 100.000000 100.000000 100.000000 100.000000 100.000000
# dividend rate: 0.000000 0.000000 0.000000 0.000000 0.000000 0.000000 0.000000 0.000000 0.000000 0.000000 0.000000 0.000000 0.000000 0.000000 0.000000 0.000000 0.000000 0.000000 0.000000 0.000000 0.000000 0.000000 0.000000 0.000000 0.000000 0.000000 0.000000 0.000000 0.000000 0.000000 0.000000 0.000000 0.000000 0.000000 0.000000 0.000000 0.000000 0.000000 0.000000 0.000000
# correlation: 0.700000
# volatility: 0.200000 0.200000 0.200000 0.200000 0.200000 0.200000 0.200000 0.200000 0.200000 0.200000 0.200000 0.200000 0.200000 0.200000 0.200000 0.200000 0.200000 0.200000 0.200000 0.200000 0.200000 0.200000 0.200000 0.200000 0.200000 0.200000 0.200000 0.200000 0.200000 0.200000 0.200000 0.200000 0.200000 0.200000 0.200000 0.200000 0.200000 0.200000 0.200000 0.200000
100.000000 100.000000 100.000000 100.000000 100.000000 100.000000 100.000000 100.000000 100.000000 100.000000 100.000000 100.000000 100.000000 100.000000 100.000000 100.000000 100.000000 100.000000 100.000000 100.000000 100.000000 100.000000 100.000000 100.000000 100.000000 100.000000 100.000000 100.000000 100.000000 100.000000 100.000000 100.000000 100.000000 100.000000 100.000000 100.000000 100.000000 100.000000 100.000000 100.000000
100.241899 100.481948 101.224463 100.324090 101.033409 99.620786 100.528891 99.494988 100.172860 100.305771 100.638763 100.721756 99.553746 100.377040 101.350089 99.549880 99.952726 99.809172 99.478465 100.147942 99.313291 100.177874 100.887442 100.181413 99.960023 102.081270 100.310865 100.780663 99.797557 100.002454 99.642857 100.075079 99.957912 100.323602 100.850092 100.633698 99.922502 99.592317 100.652775 100.640332
102.095162 101.977851 101.720105 101.079107 100.831294 100.293471 100.205736 101.018870 100.703685 101.645672 101.873487 101.437850 100.552917 100.853185 102.968725 100.021533 101.139624 100.065441 100.003509 100.476564 100.422079 101.511522 102.095319 100.929658 101.372755 102.255919 100.795866 101.484526 99.645473 101.245928 100.246722 100.371110 101.980030 100.852660 101.659041 101.241413 101.585713 99.043562 100.755393 101.425045
103.170295 102.273128 102.001481 101.606701 102.590627 100.233358 99.742481 101.004113 101.264567 101.861196 102.486353 102.497041 101.935763 101.395105 104.002344 99.677706 101.053684 100.878213 101.333591 101.517788 100.751568 103.239457 102.154704 102.320232 101.754500 102.931208 102.139069 102.408124 99.611510 102.478816 100.730703 100.951222 103.479863 101.209907 102.921833 102.574635 101.995265 99.246152 101.000213 101.338136
103.372057 102.155457 101.372410 100.789046 103.579983 100.130657 100.210777 101.061387 102.412305 102.620668 101.967143 102.082721 101.563324 101.368497 103.911714 99.577579 101.447137 100.376359 101.548820 101.517898 99.982690 103.401526 102.987344 102.105290 101.122908 103.175189 101.231776 101.634118 99.114565 102.026901 99.942077 101.402943 104.431916 100.733423 103.429321 101.677672 101.193540 99.169617 101.456536 101.772688
102.097921 101.416470 101.476079 99.527987 103.976133 99.579791 100.487463 100.779500 101.384733 100.927903 102.059631 101.092370 100.350630 100.301361 103.499108 99.880202 100.859173 99.928327 101.124084 102.111425 99.348052 103.050128 102.602184 101.629954 100.463830 102.628248 99.959780 100.918450 99.747235 102.990804 98.280807 102.104069 103.887378 100.876169 102.112943 101.921219 100.287923 99.502453 100.494769 100.591120
103.451728 102.962271 102.052479 99.787484 104.843246 99.888215 101.032269 101.157654 103.195272 101.141965 103.599667 101.636402 102.472671 100.246782 105.069658 100.829436 102.339784 101.052424 102.001738 101.964727 100.621137 103.257089 103.050015 103.233247 101.659509 103.927783 101.059799 102.286465 100.886164 104.305705 99.105734 102.315652 104.680579 101.293424 102.685656 102.804989 101.494086 101.224943 101.568847 101.574969
103.168670 103.229177 101.186604 99.399767 104.548273 99.283138 99.956649 100.725587 102.412542 100.495200 103.196211 101.474581 102.560458 100.302358 103.868173 100.176722 101.873520 100.504660 101.895946 101.685819 100.270825 103.608405 103.904476 102.822664 100.389847 103.769038 99.598095 101.767409 100.955796 102.930075 98.534143 101.398908 103.092430 101.445383 101.192891 102.261430 101.109546 102.301399 100.602520 101.542536
103.303749 103.017359 99.822351 99.704707 103.780079 98.334884 99.574118 100.463832 102.340558 99.672956 102.538769 101.951912 101.918757 99.869745 103.377430 99.086584 102.326003 100.420810 101.764028 102.532792 101.232451 103.820290 103.560551 102.104736 100.045175 103.381914 99.939626 100.266264 101.485272 101.728035 98.493823 101.547103 102.938341 101.220194 102.181928 101.934168 100.798772 102.344282 99.751232 100.958757
105.170047 103.434295 100.991367 100.592139 105.600356 99.621201 99.583532 100.380675 102.938902 100.926267 102.489739 102.513614 103.473965 100.259795 104.246079 100.095834 103.547674 102.041636 103.586997 103.102197 102.609041 105.015670 103.678748 103.660690 100.939632 103.311334 101.429523 100.293943 101.617067 101.671707 99.451181 102.683258 103.536311 102.049726 104.124642 103.089998 101.415435 103.233966 100.522249 102.906398
105.759842 103.351081 100.731525 99.384342 106.499310 98.847655 99.983445 100.307758 102.275412 100.221935 102.652682 102.841759 103.958744 100.885446 103.817008 99.870216 103.979050 101.884035 103.507899 102.474085 102.707797 104.908885 102.632560 102.730493 101.455777 103.263948 101.991029 100.521034 102.333272 101.318410 99.164547 102.755247 103.143307 101.708502 104.403321 101.410356 101.922465 103.451786 100.588541 103.234020
104.823503 101.763781 98.748067 98.396314 105.441351 97.745065 98.853485 99.879523 102.158526 98.894128 101.600800 102.440226 103.007697 100.423466 103.749712 98.524038 103.259917 101.788889 101.832027 101.721754 100.640318 103.277449 100.930564 102.371923 99.387568 102.205970 99.628897 100.095877 101.410411 100.487545 98.009807 101.257244 102.327711 100.903342 102.681431 99.512532 100.223090 102.680119 98.475553 102.115443
103.717926 102.184491 99.719734 99.078077 105.111071 97.332780 99.750857 99.552398 100.611930 98.415233 101.664834 102.290386 103.161791 100.633277 104.647579 98.551177 103.385248 100.961616 102.229237 102.095328 100.443718 103.488197 100.597893 101.956054 99.905247 102.439598 99.924011 99.877825 101.331079 100.836658 98.063723 100.534403 101.853046 101.780583 102.824184 99.986676 100.568468 101.711339 98.323929 102.103194
103.261286 101.152502 99.486290 99.291963 104.787607 97.081057 99.100133 98.194246 99.603937 99.027167 101.806502 102.374448 102.633074 100.974618 104.248988 97.722527 103.452816 100.588101 102.372332 100.810937 98.641614 103.117809 100.147862 101.462961 100.088925 102.719333 99.153365 99.224663 101.034618 100.486337 97.333196 100.756175 101.776704 101.266822 101.962550 99.618713 99.903056 100.965969 97.813689 101.157486
103.351919 101.529817 99.411789 100.679232 105.958324 97.763598 99.159198 98.494593 99.247029 99.378127 101.682502 103.360754 104.276762 100.752034 105.166228 97.737646 104.081657 101.323260 102.627092 101.473487 98.348658 103.997908 101.014247 101.902697 100.360615 102.443996 99.162142 99.517408 101.586427 101.494255 97.401794 100.675158 102.781668 101.971775 101.749887 100.623662 100.606846 101.382995 99.061157 102.605908
104.467680 102.765079 100.582133 100.806379 106.867140 98.116350 100.320985 99.156205 99.737527 99.875280 100.535480 103.942863 104.643629 102.230427 105.187784 98.981445 104.786995 101.840758 103.218544 103.148207 98.550490 102.993649 102.005751 101.811432 100.176394 102.654767 99.694438 100.497437 101.785233 102.674868 98.798404 100.895393 103.002007 102.895947 102.194730 100.942717 100.937654 102.231056 100.489832 103.020255
103.356675 101.731267 100.638011 99.655802 106.916423 97.603022 100.545816 99.212434 99.649759 99.384518 100.103890 102.633080 105.051704 101.093023 104.845879 98.414363 103.521494 100.935791 102.085680 103.203490 98.064406 102.878451 101.530477 101.476939 98.994439 102.665517 99.211037 99.353622 101.631227 101.435932 98.096958 100.524102 101.897505 101.439257 101.519249 99.401601 101.635544 101.425156 99.595085 102.675764
104.182294 102.374946 102.008148 100.131448 107.838675 98.458710 100.380361 100.014382 101.395968 99.684627 99.930453 103.425759 106.124320 101.337381 106.998148 99.179176 103.356618 101.597720 101.519346 103.746962 97.904895 104.029801 101.811572 101.261697 99.477927 103.863500 100.078828 100.438322 102.888085 102.852605 98.802232 102.626041 103.158320 102.308400 102.789462 98.744304 102.336048 101.349843 100.910807 101.878265
104.496438 102.092719 102.969721 100.158500 108.077366 98.816297 101.440786 100.973897 102.502073 100.322876 100.805184 103.057274 106.492456 102.116834 107.188637 98.652401 103.493939 102.309929 102.431219 103.453820 98.858551 104.018394 101.553052 101.460753 100.945967 103.630628 100.866781 101.487349 103.208989 103.787103 98.966551 102.676533 103.159461 103.769458 102.379315 100.073001 103.002159 101.316581 101.585140 102.637417
104.475802 102.704601 103.247356 99.686721 108.098709 98.948097 101.762377 101.968591 103.150020 100.686964 101.625207 102.488153 106.668781 102.907741 106.721484 98.261114 103.598610 102.814300 102.423047 104.558973 99.417040 104.502587 102.267854 102.480763 101.325193 102.923829 101.167118 102.246895 104.145635 104.264006 99.180524 103.425499 103.132073 103.636555 103.265197 100.738468 104.492892 103.158898 102.022935 102.114239
104.686696 102.401256 102.453947 99.416911 107.410601 98.536314 103.304883 101.895611 103.838171 100.758608 101.851784 102.378589 106.094735 102.779511 106.243185 98.342146 102.939512 102.229792 102.753752 104.807504 99.169511 105.069740 102.113624 101.945480 102.294434 102.645431 100.184706 102.454322 103.585187 104.331331 98.492923 103.587733 102.608209 103.433685 103.657482 100.390839 104.349218 102.714248 102.205312 101.131839
104.667676 103.275449 102.380554 99.195247 107.386874 99.274872 104.155964 102.445294 104.392478 101.845721 103.345278 102.096399 105.162148 102.516850 106.842226 99.182593 103.312903 101.656117 103.437890 104.544052 99.952155 105.585607 102.010843 102.978168 102.291018 103.370264 101.090058 102.944703 103.934852 104.154547 97.963514 103.474038 102.444300 103.567536 104.232181 100.859579 105.037605 103.689000 102.199915 101.730653
105.698149 104.176747 103.870831 100.133113 108.837992 100.828305 104.908690 103.435602 104.938250 103.354869 104.462327 103.724856 106.263045 103.739748 107.946377 100.449013 104.134657 102.224440 105.354010 105.324481 101.284421 106.837754 102.850220 104.155012 102.634869 104.443502 102.938145 104.388921 104.783432 105.210686 99.329742 104.278832 103.685145 104.469139 105.684655 101.786358 105.750862 104.343047 103.799156 102.890750
105.124254 102.609847 102.391902 99.051723 107.796992 100.290732 103.614081 102.863276 104.261494 101.365993 103.069725 102.649899 105.174911 101.233341 106.096463 99.196926 102.531368 101.610105 104.933680 103.584714 99.966655 105.873475 101.928911 103.670036 100.866458 102.108667 101.404486 102.374606 103.378929 103.102962 97.883823 102.965926 102.068198 103.872926 103.618355 99.913710 104.591333 102.206154 102.277356 102.907306
104.321022 100.475319 101.375893 98.028003 105.770958 98.766703 101.554054 100.203086 101.416696 99.646884 102.387686 100.763266 103.272523 99.746579 104.342256 97.840514 101.761331 101.013769 103.085773 101.293892 98.988832 104.272342 99.625778 102.404242 100.056072 101.602891 100.742916 100.803230 101.520959 102.435885 96.992527 101.395810 99.246819 102.338825 103.320718 97.602364 104.457732 100.251349 100.714475 101.755594
104.297414 100.192050 101.593647 98.327016 105.801676 99.440793 102.328541 101.652000 101.989302 98.964137 103.626505 102.084488 103.083293 100.615560 103.705765 97.893920 101.902404 101.604541 103.464912 101.603122 98.582845 105.731475 100.346428 102.182085 99.688790 101.603379 101.807425 100.764753 101.538339 103.518819 97.301244 101.978036 99.622990 103.068638 103.614535 98.227763 105.339852 101.419693 101.106913 101.787594
103.673482 99.819662 101.986128 97.675539 104.342571 98.783872 101.581569 100.936061 101.183183 99.650460 102.609217 101.267065 101.752755 100.887545 102.993428 97.404902 101.005360 101.418517 103.138808 101.129260 98.198706 105.014895 99.770761 102.197216 98.360098 101.115118 100.563024 99.605138 101.425131 101.927634 95.856388 101.207912 98.993180 101.941327 103.711068 97.406855 104.140834 100.117966 100.287817 101.738479
102.162129 98.980631 100.151278 95.949979 102.532437 97.230317 98.489688 99.064305 98.807265 98.433210 99.866353 99.822169 100.072096 98.488091 101.213785 94.585917 98.869891 100.269215 100.404719 99.201604 97.140419 103.482510 97.959077 100.248508 96.802514 99.734378 97.520044 97.279292 100.067699 100.124501 94.054279 99.355408 97.651820 99.733559 102.199494 96.334214 102.588812 97.619637 98.094147 99.736788
101.785935 98.907080 99.707386 96.178892 102.778608 96.337010 98.022825 98.920405 97.462665 98.707194 98.631498 99.593449 98.779062 97.244214 101.823650 93.954208 97.905766 99.903722 100.515612 99.108023 96.318121 103.051497 98.074305 100.452792 96.145571 99.953900 98.042353 96.255512 99.460783 100.506999 94.576137 99.294515 98.600262 98.921589 101.974568 95.868682 101.669622 97.697437 98.070220 98.611483
103.245677 98.733849 100.922031 97.393080 104.008752 97.047686 99.864901 99.517509 99.034867 99.892330 99.860188 99.745274 99.142542 98.571115 103.648691 95.119628 98.664006 101.018002 101.453841 100.135801 97.201952 104.378815 100.040558 101.193672 97.085582 99.905176 98.119925 97.284221 100.587076 101.510922 95.569521 99.818735 99.625857 100.126186 103.535994 97.231313 103.652420 98.135309 100.191427 99.494115
103.551420 97.874360 99.558513 96.614675 103.182079 96.448844 98.623869 96.821322 98.709298 99.629231 98.986503 98.437280 98.674577 97.276648 103.660908 93.609119 97.473633 100.290462 101.127289 99.643148 96.341462 103.408018 98.594014 101.688185 96.241695 99.742190 96.573279 95.800997 99.735578 100.278114 95.035286 98.805338 98.888511 99.792017 101.962690 96.074041 102.601209 97.985350 99.111042 98.547211
103.899350 97.018427 98.441776 96.094417 102.366884 95.964171 98.251874 96.343497 98.337225 99.167017 97.645864 98.308246 99.034859 97.396752 103.086073 92.477491 97.730368 99.082095 99.922508 98.480977 95.529707 104.567420 97.289281 101.310292 95.485937 99.141941 95.912519 95.395635 99.261944 100.683761 94.264415 97.403926 97.538456 99.205248 100.203384 95.037831 101.442870 97.285468 98.381705 97.763800
103.419141 95.443843 98.079288 95.646110 101.563398 95.129895 99.215675 95.997585 97.363479 98.315589 97.367507 97.243200 99.289087 96.569746 102.383497 92.144683 96.979808 98.498220 100.710535 97.516280 95.679794 105.014411 97.249130 100.667528 95.418046 99.183877 95.014102 95.531431 98.716795 99.660146 94.027120 97.966936 96.167996 99.357562 100.332180 95.907298 101.084320 96.633954 99.027461 97.171276
105.265855 96.180709 98.871384 97.432916 101.798775 95.362491 100.782050 97.846624 97.794012 99.220522 97.588401 98.134702 100.042714 97.227830 102.823295 93.730969 97.891916 100.543312 102.053376 98.440438 95.879197 105.618102 97.782265 101.537774 95.121846 100.703098 96.146207 96.646832 100.061378 100.413223 94.503436 98.736091 97.498630 100.113381 100.221186 97.159602 102.423908 98.114577 100.761809 97.653301
104.500533 95.586045 97.035222 97.303755 102.046136 94.451097 100.692152 96.389214 97.001785 99.107617 96.661542 97.122906 99.570743 97.283917 102.373902 94.873016 98.548046 99.369644 101.435423 97.753244 94.836794 104.989079 96.513273 99.580558 94.385922 100.281473 96.789247 96.233170 99.478272 100.016472 93.479591 97.869670 97.377147 98.878508 99.712272 96.347681 102.483747 97.218440 99.104201 96.732106
104.627289 95.251052 97.768019 97.866997 103.361911 94.339901 100.991782 97.060555 97.782991 99.884095 97.620085 98.846211 100.742348 97.464769 103.232830 95.843571 99.851763 100.246429 102.067616 98.300632 94.049065 104.586409 96.768109 100.438949 94.326354 101.071519 97.045836 97.899283 99.850228 101.458541 94.632764 98.705381 97.813492 99.660815 100.182541 96.453235 103.486145 97.620893 100.083206 97.416389
105.772755 94.832631 97.659115 98.484140 103.516992 94.263427 101.539255 97.612399 96.919730 99.732778 97.035684 99.698114 100.434678 97.321493 102.897365 95.620986 99.931109 100.340494 101.259198 97.789852 94.950359 104.557941 96.832978 100.044503 94.489044 101.922216 97.467060 97.121055 99.231646 101.308935 94.969684 97.887001 97.911230 99.626189 99.937951 96.494136 103.188949 97.648222 101.135016 97.506558
107.925522 96.590438 98.780882 100.100607 105.475437 96.563193 102.799489 98.452034 99.208431 101.295603 99.565281 102.813944 102.742991 99.025100 105.507481 97.846885 101.308975 101.511274 102.611629 99.770597 95.861079 105.914357 96.790968 101.557853 95.807877 104.075295 97.497371 99.153782 100.350947 103.721558 96.182114 99.479842 99.730275 101.303346 101.356622 97.044857 105.298626 98.470544 103.277143 99.574202
107.299585 95.843491 97.703240 99.438874 104.546335 96.857393 100.810590 96.838783 97.478203 99.997039 99.075538 101.307790 102.687174 98.793432 104.168132 96.323785 100.058224 101.077320 101.674167 99.456295 95.022659 104.725941 96.695484 100.780949 95.502048 103.445878 96.623970 98.716041 98.148049 103.388849 95.482799 98.607804 99.011046 100.916689 100.629811 95.932222 104.819941 97.050480 101.755792 99.442304
107.314877 94.860729 98.059963 98.830298 104.907551 96.192246 99.792976 96.634529 96.500368 99.129343 99.311368 101.243141 101.929290 98.234614 103.620431 97.203901 101.201908 100.190748 100.928804 100.033420 94.891290 104.133720 96.136258 100.484000 95.701763 103.551314 96.162997 99.204377 98.513518 103.098344 95.023536 98.484389 98.003800 99.985293 100.776081 95.977786 106.067755 96.046275 101.826610 99.407165
108.194222 96.739189 99.079639 99.171329 104.453490 97.319158 100.158705 97.096673 96.902682 99.292539 100.492994 101.997022 103.213159 98.813175 104.873817 98.313135 100.927504 100.426883 101.347370 100.888120 96.866784 105.110073 96.909684 101.300130 96.827445 103.734791 96.682708 99.791881 98.561194 104.514896 96.344834 98.652739 98.578415 100.633632 101.431595 97.331474 106.806845 97.496985 101.663434 100.921266
108.182674 97.923171 99.458353 98.967626 105.754568 97.756263 100.896327 96.850405 96.806162 99.582570 99.506822 102.998836 104.170781 99.337041 105.626206 99.053168 100.806592 100.903601 102.525159 101.365911 97.726940 104.938578 96.964797 100.631177 96.682353 103.696404 96.494373 99.897951 98.959011 104.478140 96.712501 99.328347 98.798069 100.740256 101.967984 96.692811 106.687746 97.072161 101.732665 99.934490
107.707393 96.711605 99.133486 97.538967 105.293554 97.776236 101.709990 96.047081 96.589588 100.004572 99.455594 102.068797 102.988490 99.425886 105.314027 98.235572 100.962153 101.010902 101.987380 101.613574 96.796431 104.433375 96.702124 99.773952 96.451525 103.294999 96.640125 99.616514 99.934968 104.117402 96.433671 99.372751 98.202129 101.144011 103.046747 96.614467 106.367515 98.044883 101.380960 100.225269
107.114018 96.109270 99.596092 97.583693 105.636291 97.515359 101.939066 96.627407 96.342444 100.376035 100.228981 102.599553 103.571052 100.469219 104.811366 97.988011 101.516780 101.270660 101.758639 101.772137 96.830688 104.472563 96.125508 99.975737 96.098856 103.074103 97.894781 99.606073 99.950433 104.724352 96.374283 100.384347 98.449454 101.047382 102.751483 97.381399 106.034423 98.384325 101.152081 100.456839
107.545920 96.845695 100.000686 97.435058 106.238628 98.540940 102.951970 96.801071 96.152927 101.298863 101.317193 103.567901 103.866046 101.933247 104.981555 98.726402 102.016544 102.898244 101.489152 102.512859 97.555692 105.997999 96.360787 100.960554 96.611708 103.159483 97.953322 99.588485 100.767203 105.637753 97.100803 100.892147 98.588156 101.290362 102.792851 99.057882 106.866222 98.834817 101.532604 101.477297
107.781912 98.065780 101.579537 98.404288 108.095122 99.637123 103.991732 97.775142 97.498148 102.490749 103.599951 105.100201 105.797526 101.804733 105.776880 99.931044 104.675930 104.399677 103.654320 103.708030 99.180798 106.990088 97.743941 102.407514 97.471678 105.655388 99.145547 100.977446 101.911964 106.526652 97.325743 101.725673 99.836855 101.893037 105.176059 100.088525 107.288626 101.521609 102.202414 102.450573
106.191213 96.725287 101.863656 96.611360 107.589182 98.546104 103.524589 98.087060 96.080327 102.992815 104.026585 104.618545 104.555251 101.424582 104.745587 99.523416 102.560716 103.677255 102.871993 102.536877 98.062469 106.012410 96.509770 101.134319 96.793609 105.477828 98.050838 100.552004 101.484103 105.912701 96.298213 102.341196 99.235802 101.749453 105.146293 99.496650 106.214397 100.180036 100.469103 102.390235
105.876784 97.126481 102.274818 97.622811 109.200906 98.503646 103.234287 97.906020 97.038881 103.612899 104.535731 104.759234 105.165046 101.457859 105.227680 99.200296 102.084774 104.589503 103.220929 102.292518 97.593380 106.294796 98.106932 101.646533 97.724022 106.272320 99.022085 100.790098 101.690523 107.722729 96.632607 103.682856 99.989917 101.535482 105.780913 99.516768 106.628666 99.737122 101.206221 102.008119
106.681353 98.562822 101.641989 98.941753 109.423071 98.887463 103.364777 97.719180 96.791814 104.002773 104.798709 106.066539 105.498660 101.738985 105.598725 99.018634 101.855016 105.454244 103.784443 101.721066 97.704090 106.771295 98.550813 102.112690 98.410706 105.955326 98.708457 101.088606 102.198874 108.883939 97.077329 104.376575 99.179396 102.175504 106.778074 100.344164 106.909427 99.385372 100.547263 102.273543
105.948624 97.338440 100.276906 97.755809 107.151652 98.238857 100.881080 98.004535 95.661169 102.650235 103.626503 104.640682 104.675891 101.501201 105.499649 97.490727 100.310683 104.620095 102.427952 100.432062 95.832001 104.844143 97.114613 100.682296 97.626029 105.057921 97.312165 100.378147 101.869286 107.311291 95.748238 103.810101 97.871108 100.930657 105.605375 99.504809 104.577568 97.751107 99.511796 100.000944
104.572193 95.455923 98.521198 94.980047 104.966031 97.148631 98.632782 96.436656 94.196608 99.758815 103.268219 102.642124 102.771549 100.505405 105.497809 96.002581 97.384796 102.817619 100.836999 98.655860 94.319746 103.410958 94.108982 99.154805 95.383966 102.213035 95.352580 98.344782 99.492267 106.755149 94.687749 100.822117 96.095193 98.881506 104.111966 98.142110 102.953789 96.389265 98.828595 97.960711
106.243555 95.752733 98.928823 96.044934 105.309537 97.816537 99.563604 97.149073 95.163590 99.814993 103.442868 104.215356 102.969506 100.960818 106.408669 96.445789 98.428509 103.344814 101.846822 99.433673 94.704162 103.950027 94.507632 99.650746 96.180586 103.685784 96.468472 98.988670 99.447347 107.568698 95.434294 102.302763 96.786882 99.751415 105.351888 97.942207 103.155594 97.885782 100.196540 98.109027
108.253644 98.033661 101.346097 97.518639 106.788508 98.748387 101.372714 98.564476 95.787233 101.539124 105.165684 105.339452 104.161886 101.785824 108.781997 98.670132 99.226598 104.257223 102.561012 100.763107 95.928024 105.932761 96.384561 101.890142 97.706974 104.845979 99.143852 99.764559 100.326722 110.184911 95.829138 104.212396 98.852459 100.580076 105.797578 99.859371 104.391070 99.337639 101.902956 98.592231
106.892158 96.416916 100.749411 96.609964 106.088453 97.864462 100.889086 98.001126 94.865344 100.676393 104.018441 104.808157 103.351349 100.626362 107.816026 97.356182 99.211032 103.118028 101.125552 99.827064 95.152676 104.438803 95.865822 101.011939 97.452697 103.655573 97.845913 99.232628 98.779389 109.489830 94.458322 102.381538 97.559378 98.937515 103.672266 99.397324 102.750508 98.229155 99.753259 97.768866
108.959738 98.099363 101.641135 97.635529 108.928165 99.619688 102.293177 98.823742 96.700857 102.471076 106.478928 106.960377 104.898813 102.204767 110.048540 98.847131 100.486108 104.897554 102.949895 102.430408 96.700038 106.793779 96.885119 102.264231 98.679741 105.806541 100.036470 100.708127 101.381570 111.057139 95.345191 103.850536 99.671059 100.235371 106.430515 101.843594 104.556784 99.346593 101.248676 99.400005
109.221184 98.912659 102.066579 97.635368 108.635302 100.438009 101.955049 98.707052 97.147962 103.022303 105.387203 107.344607 104.427978 102.709895 110.504251 98.140099 99.220956 104.923590 102.340191 102.514170 96.923269 106.130588 97.101745 102.489988 99.068491 106.737397 100.305938 101.140346 101.254233 110.904210 95.232138 103.620095 98.753832 100.150217 105.872097 101.260122 105.507523 100.124137 100.585569 98.940892
107.243402 98.277932 100.862453 96.015868 109.653489 100.031992 101.048044 98.343739 96.583047 102.640130 105.126140 106.827029 104.311365 101.407861 109.753943 98.232117 97.974726 103.301922 102.301978 102.056192 95.964509 105.009615 96.743372 102.541515 97.668237 105.554720 99.021853 99.850787 101.385221 110.706419 95.420471 103.513839 97.756156 98.998496 105.464556 100.489600 103.260274 98.675772 100.911255 99.105863
106.691260 97.376525 99.163937 95.841296 107.746240 99.120221 100.186688 97.132570 95.385366 102.307297 104.408034 105.763367 103.008187 99.810075 108.292647 97.627539 97.232815 102.970108 101.303831 101.543564 94.503941 103.313410 95.584909 101.624385 97.016289 105.954261 98.667521 98.862709 101.190543 108.864477 94.059189 102.537767 97.399132 98.522837 103.871593 99.757282 102.266304 98.303460 99.491112 97.430681
105.981257 96.387244 98.054816 95.271264 106.798992 97.105379 100.764401 96.327414 94.543048 101.744312 104.390412 104.933041 101.681439 98.129663 108.245545 96.110684 96.411136 102.439341 101.192532 101.149114 93.866444 102.113884 95.405369 100.990223 95.470640 104.706956 97.429175 98.559899 101.247692 107.952545 93.169112 100.461319 96.101587 97.170689 103.399689 99.593714 100.782460 97.121047 98.194867 96.762948
107.430786 97.028724 98.055059 96.550397 107.381955 98.608944 101.665639 97.290417 95.256517 103.276223 106.055717 106.468789 102.640908 99.100212 110.300591 97.028308 97.652547 104.442604 102.945634 103.001013 94.121358 103.063490 95.744535 102.360652 96.317671 104.985551 98.936622 98.229030 101.977514 109.758240 93.819005 101.536290 97.615308 97.882124 103.980151 100.400159 101.294721 97.654875 99.415604 97.933964
108.874050 98.623638 100.327164 98.920158 109.562362 100.026178 103.055382 98.715983 97.310492 103.517399 107.224002 109.529393 104.963250 100.554524 111.893667 98.035189 98.877664 105.902828 104.693727 104.117636 95.803897 104.907579 97.825248 103.885523 98.710262 106.338082 100.493429 99.463792 102.324666 110.838071 94.949320 102.787672 99.082765 98.874684 105.249236 102.417256 103.133568 99.111057 101.240712 99.636094
108.454853 98.900325 100.629752 98.159389 109.078728 99.086488 103.602927 96.879990 96.811999 102.381037 106.626390 109.235142 103.802843 100.371681 111.052716 97.328800 97.966615 105.241631 104.720361 104.477151 95.973133 104.188634 98.363042 104.734809 98.329746 105.345049 100.016970 98.908307 102.085585 110.398470 95.121678 101.508002 99.075413 99.208622 104.946135 102.202412 103.787021 99.153732 100.375531 99.168153
106.725504 97.407410 99.694540 97.657659 108.046357 98.866670 102.972209 95.872979 96.230058 101.010512 105.731980 107.978013 102.825542 99.516000 109.454820 97.137952 98.050743 104.127549 102.099665 103.598328 94.633949 104.480769 97.113323 103.343608 98.305664 103.891380 98.220713 97.557113 101.460481 108.951102 94.088017 100.078922 98.313731 98.986553 103.895635 101.345940 101.796385 97.949359 100.307677 99.012325
107.396133 96.532866 100.363556 98.359031 107.781060 99.160488 102.964485 96.139177 96.302643 101.275949 106.036421 108.026112 102.711797 99.493870 109.857106 96.595319 97.661629 104.189470 102.464510 104.502831 94.381874 105.098511 97.129985 102.163881 97.611322 103.846755 98.343229 98.546049 101.091193 109.179788 95.201303 100.686424 98.082677 98.326474 104.325152 99.730829 101.994113 97.888441 101.150495 98.789532
107.156143 96.184007 98.592333 97.209211 106.399917 97.964574 101.899761 94.793372 95.995253 99.863024 104.184053 106.945592 100.784396 98.787265 108.839294 95.051677 95.748775 102.339377 101.164461 102.302322 93.220629 103.885271 96.257106 101.832847 96.645750 102.811453 97.708734 97.128259 100.573743 107.427391 94.341198 99.569066 96.555650 97.303944 103.396232 98.459238 100.097476 96.848932 100.314884 98.046094
106.127816 95.168158 97.832823 96.573433 105.007762 98.183621 101.965161 94.647179 95.449464 98.355750 102.911874 106.157683 100.487895 98.962403 108.250693 93.717548 95.545946 101.215147 101.060947 102.075858 92.889010 102.793307 96.326787 101.439679 96.604081 101.921829 97.488571 96.409657 100.055027 106.368186 93.785797 97.777991 94.972971 97.230624 102.535977 98.116820 99.086570 95.586296 98.802671 97.233203
106.286752 94.829454 98.261856 96.325927 105.181889 97.173945 102.812190 94.590189 96.226940 99.250626 103.644848 106.068767 99.998372 100.374142 107.818850 93.677543 95.940196 102.427590 100.950015 101.632067 93.275975 102.924180 96.577198 101.165957 97.331958 101.751235 97.084079 95.980172 99.840983 106.894913 93.360389 97.776800 94.948203 97.751540 102.966372 98.438975 98.919779 96.403779 98.826450 96.441337
104.004085 93.007817 96.170637 94.641466 102.571309 95.940971 100.356983 92.201764 93.616502 98.267979 101.099347 104.558484 98.012239 97.815721 105.282279 91.083250 94.144343 100.420451 98.651009 98.613791 90.809909 100.512925 95.072990 98.892520 94.560359 100.347309 95.861605 93.870087 97.431667 104.223377 91.134185 96.205094 92.342232 96.567573 100.581452 97.329755 96.643764 95.261891 97.644608 94.848626
103.972716 94.165883 97.123641 95.604780 103.437092 95.926267 102.116348 92.646998 94.298833 99.267668 102.061495 103.931691 99.064506 98.832611 105.500067 91.406004 95.011543 101.456384 100.184756 99.887040 90.790694 101.546840 96.361867 99.152284 94.148306 101.338223 96.652766 95.323347 97.320799 105.809216 92.070160 97.199800 92.691153 97.187842 101.295170 98.793388 97.510752 95.468701 98.948463 94.994023
103.934992 94.354068 97.780493 94.740989 103.415274 96.915193 101.778355 92.131072 95.200382 98.962412 102.171409 103.610581 99.265672 98.979210 106.546088 92.053840 94.370874 101.724605 100.212739 99.981139 90.290859 102.919151 96.545299 99.194820 94.810719 99.969941 96.875690 96.482813 97.889921 106.934006 92.128379 96.971159 92.916966 96.656349 101.806149 98.771831 98.533608 95.807200 98.905661 96.390983
103.984309 94.196786 98.709217 94.250281 102.175380 96.535942 101.150500 91.826927 95.269386 98.954109 100.711806 102.998879 98.782342 98.954930 106.582339 92.119238 94.621531 101.471107 100.031666 99.730794 89.533551 103.480660 96.647414 97.950325 94.886937 98.722882 96.573076 96.141058 97.654230 107.477836 91.306801 96.898797 92.938746 96.918540 100.985379 98.192310 98.095845 95.838756 99.085441 94.740959
104.838082 94.875406 99.313097 94.479305 102.932480 97.616105 102.566363 91.756617 94.737031 100.582968 102.290216 104.184049 99.670452 99.032622 107.505034 93.465991 95.474993 101.944344 101.413381 100.070984 90.366310 104.255679 97.842340 99.111407 96.195109 99.433503 97.944939 96.737951 98.268422 108.126810 92.906787 97.913348 94.726500 98.036273 103.022605 99.141355 99.221218 96.248769 100.074286 95.217197
106.070484 94.549060 98.811386 93.833656 102.919325 96.707628 101.660352 91.018186 94.278792 100.097251 102.517340 104.773167 98.947762 98.149475 106.449694 93.403941 94.781690 102.511261 100.528342 99.313647 89.841978 102.064227 98.033376 98.229438 95.701710 98.074552 97.002515 95.932106 97.523786 107.908265 93.053984 97.347571 95.275681 95.850843 102.548098 98.226690 98.693320 96.312708 99.854337 94.617115
105.508576 95.015780 98.543856 93.653248 102.902865 96.093922 101.826874 91.250879 93.721674 100.292555 102.730288 105.380650 99.279630 97.957523 106.252959 93.890356 94.970770 102.146027 100.430064 98.654846 90.090483 101.478089 97.670235 97.706050 96.094000 97.920400 97.231542 95.881668 97.011268 107.473268 92.833035 97.998631 95.297806 94.965876 101.969351 97.368590 98.450284 96.362324 99.111241 94.327155
105.297093 95.538002 98.559656 94.141403 102.894176 96.776071 102.902275 91.199670 95.074442 100.977342 103.596562 104.174145 99.309933 98.169081 105.916141 94.068448 96.225657 102.289069 100.803523 98.465388 89.918595 101.326347 99.447665 97.335557 96.691135 99.303712 97.378601 95.305380 97.808939 108.124207 92.379783 97.601067 96.117672 94.710025 102.035675 97.783271 99.448457 95.477339 100.093654 93.945451
105.438282 95.402034 98.600836 94.018533 102.168365 97.316609 103.637931 91.294353 95.292693 100.437068 103.818206 104.027034 99.403573 97.064686 105.550866 93.206466 94.884124 102.680451 101.212657 97.665553 90.046906 101.426942 99.320902 96.486154 96.472341 100.037958 96.982055 95.517398 97.643238 107.660604 92.858490 97.152500 95.555796 94.976092 103.640892 97.413332 100.135131 95.471676 100.655790 94.413681
105.431473 95.669403 99.174473 93.675788 103.242905 97.553333 105.017788 92.021459 96.492385 100.461631 104.307867 104.628989 98.937114 97.213292 106.623315 94.212154 95.197622 103.510255 101.064413 97.002637 89.912007 102.520686 100.986636 96.521525 96.390847 99.935574 97.504388 96.271831 96.951414 107.595019 93.625537 96.430116 95.006366 95.550654 103.202600 96.887521 99.652729 95.384390 100.978683 95.711438
107.723221 97.495871 100.335416 95.515559 105.092927 98.358039 107.584350 92.494650 98.131182 101.817255 105.036333 105.991205 100.511154 98.838965 108.224102 96.032366 97.228530 105.365043 102.406151 97.700209 90.889846 105.000993 102.069232 97.785882 98.533306 102.314306 99.099334 97.920405 98.121925 109.607793 94.487468 97.478691 97.852381 96.145348 104.018497 98.462495 101.837490 96.371844 102.517248 97.735257
107.805139 96.578097 100.076659 95.312310 104.958912 97.765987 106.437768 92.927719 96.808804 101.544757 104.460432 104.286742 101.001410 97.535183 107.726944 95.758536 96.171162 104.772184 101.769862 96.930722 89.912403 104.122469 101.264318 97.080572 98.625793 101.897163 97.002722 95.751820 96.464653 108.475060 93.797916 97.422752 97.751976 95.555555 102.223135 98.256245 101.530212 96.316610 102.497532 97.000447
108.610210 98.031390 99.520367 96.036104 106.151585 98.164363 106.330275 92.152448 97.434091 102.374608 104.589850 104.615428 101.072283 98.204677 107.796404 96.057260 96.567467 105.972715 102.696943 97.761569 89.622757 104.653785 101.471554 97.512802 99.675044 101.582585 97.604594 95.899139 96.945525 109.000603 95.028222 97.062447 99.604286 95.865028 102.670227 99.265747 101.646361 97.313780 102.918442 97.293524
108.124382 97.849201 97.503844 96.430654 105.351036 97.937758 105.403925 90.896128 96.382359 101.518162 104.081387 104.977069 100.987072 98.559516 107.149441 96.072200 96.002726 106.239842 101.657685 96.689542 89.842927 104.208811 100.813730 97.800145 98.712691 100.508122 97.367669 95.537722 95.722253 108.901560 94.903490 96.957735 99.930624 95.571886 102.030947 99.933332 101.815828 96.049898 102.605784 96.534936
107.242911 98.305853 97.131869 97.128839 105.946272 97.374952 104.391540 91.471886 95.626306 101.742302 104.207397 105.307974 100.256166 98.464229 106.619953 95.076355 96.479464 107.555151 100.760510 96.923581 90.300880 105.149870 100.623417 98.071649 99.323367 100.579925 97.778888 95.615676 96.137190 110.125470 94.477721 97.025995 99.812915 94.669841 101.580316 99.173680 101.891520 95.863813 101.792879 96.851178
106.970788 98.197714 96.515645 96.017024 105.422718 97.362881 105.638006 90.894113 96.280775 101.710491 103.428253 105.199655 100.294470 96.856735 106.349867 95.113786 96.291635 106.686286 101.779000 97.949546 91.095014 104.635194 100.260601 98.344689 98.822513 100.552946 98.217442 95.195757 94.927306 110.383704 94.481143 96.874695 98.449918 93.943816 100.483269 99.610218 101.907872 95.467898 102.009347 96.556296
105.898981 97.589520 95.530233 95.431109 104.642663 96.147925 104.318921 88.975693 96.092851 101.658140 102.916315 104.994281 99.399558 95.046043 105.474685 94.311912 94.781978 105.597591 101.756958 96.489706 90.293324 103.069292 99.009174 98.211422 98.295206 100.489439 97.019623 94.247861 94.958732 108.944893 92.950622 96.580532 97.659913 92.700722 99.518359 98.884565 101.387040 95.603287 101.353080 96.112957
104.853638 98.198997 94.974017 95.821352 105.371130 96.712063 104.995359 89.084951 97.175462 102.034587 102.528719 104.746483 99.043557 94.596853 105.995580 94.943938 93.526119 105.851789 101.475115 96.176380 90.854622 104.070498 100.036680 98.495907 98.449550 101.638925 96.727483 94.551402 94.902360 110.048008 93.032557 97.623183 98.472560 92.972202 99.783309 99.609524 102.051667 95.089122 102.375848 96.499790
105.975943 100.224252 96.955278 97.220559 107.885588 98.162091 106.726638 90.786367 98.698228 103.225030 104.646679 106.409813 100.726162 96.507931 108.009064 96.791678 95.881978 106.739547 103.096719 97.219176 92.072252 105.874887 101.604747 99.759732 100.314689 102.016590 98.378891 96.232899 95.412406 112.247064 94.848836 100.102792 99.873283 94.579001 101.795639 101.114015 104.366431 96.657046 103.943847 97.699057
105.617756 99.106316 97.426630 95.618393 106.966788 97.979097 106.765973 90.956571 98.754806 103.343487 104.715566 106.870153 100.439227 96.339356 108.139525 96.506419 95.832526 106.318056 102.867301 97.893323 91.372320 105.190811 101.087286 99.374366 99.407545 101.505812 98.263245 96.742119 95.202355 111.859442 94.995134 99.194792 99.019894 94.101720 102.091653 101.285529 103.433602 96.291552 103.508816 98.087954
105.387275 99.307805 98.364387 95.407697 107.174510 98.192476 106.449425 89.942201 98.534535 103.792280 104.791518 107.158357 100.364174 96.947714 107.916626 97.015945 96.161790 105.716204 102.825820 98.202469 91.315519 105.117602 100.387688 99.579906 99.630974 101.447113 97.309620 97.851542 95.201747 111.389330 94.919756 98.557686 98.913116 94.181181 101.178957 100.978688 103.214407 96.328987 103.199093 97.763269
104.411961 98.241989 97.474353 95.420742 106.125542 96.943687 105.562925 89.636901 98.235991 102.555662 103.950639 105.395829 99.860839 96.579641 106.734655 96.162302 95.804345 105.291770 101.926405 97.242962 90.183934 103.512662 98.801295 98.513845 97.906884 100.338484 95.671559 96.509736 94.170041 109.838539 93.692302 96.522041 97.508216 94.038903 100.380990 100.456752 102.435832 95.786230 102.629374 96.632643
104.878750 97.545768 97.279302 95.341145 106.679753 95.957723 106.112369 89.137622 97.864150 103.903048 103.771937 106.002596 99.511618 96.815160 106.612493 95.041727 95.519790 104.956578 102.522053 95.816992 90.625390 102.605943 98.411300 97.953266 97.404453 100.099820 95.822095 97.031591 94.548972 109.648147 94.842780 96.071901 96.597981 93.715071 100.236559 98.895698 102.667096 95.591351 102.938492 96.953703
104.547157 97.980355 98.540572 96.728922 107.815776 96.332808 108.190031 89.196980 98.373236 104.392815 104.558503 106.431823 100.737017 97.607183 107.325332 96.049050 95.811464 106.122813 103.378574 96.683166 92.213958 102.492306 98.426794 97.742238 97.452107 100.564991 96.369652 97.002369 95.752719 110.324793 95.034157 96.109153 97.082284 93.937502 100.794443 100.321741 103.429085 96.326194 104.365948 98.037401
105.804781 99.786701 100.209617 98.327925 109.090063 97.376994 110.361786 90.051403 98.857788 106.385652 105.364034 107.475172 101.483108 97.612497 109.285631 98.029114 97.800411 107.483187 105.411050 98.445177 93.319776 104.427140 98.626950 98.468604 98.450054 102.622364 97.267434 97.514865 96.149402 111.804348 96.332312 97.066510 98.129370 96.147925 102.193706 101.346751 104.994512 97.969536 105.082782 99.173985
104.302415 99.404240 99.026933 97.030236 108.026147 97.109353 109.115177 89.111825 97.604160 105.452720 104.364784 105.968842 100.325559 96.939076 107.357112 96.556737 97.103032 106.057634 104.363663 97.954818 92.873257 102.836129 97.214631 97.281244 96.939737 101.585178 96.162088 95.372376 95.041452 111.223210 95.598783 96.588307 97.300254 94.862650 100.161302 101.216675 103.250851 96.864733 104.317621 98.083921
103.904593 96.478867 97.861465 95.842662 106.760811 95.738412 107.731584 86.869195 96.851211 103.664833 102.526321 104.569756 98.232927 94.665582 106.060822 95.421287 96.014946 105.851281 103.299939 96.398713 91.410433 100.826562 96.565675 95.622879 95.911229 99.910085 95.002411 93.077828 94.551056 109.357127 94.050108 95.842284 96.742969 93.406449 98.088736 99.076287 100.755404 95.049850 103.116590 96.441966
105.719652 97.387298 99.628201 97.958158 106.827061 96.512756 108.813208 88.787449 98.037385 105.560643 103.218176 106.454294 100.475282 95.652430 108.549575 96.479074 98.192429 107.259249 104.947120 98.414671 93.066268 101.853109 97.353343 97.147618 97.430810 100.972027 96.584642 94.111053 95.397819 110.984082 96.043631 96.223464 98.727049 94.197379 99.230541 101.051278 102.729681 96.993501 104.567020 97.217995
106.260502 97.379248 99.460508 98.960960 107.279023 96.788082 109.348490 88.236173 98.133310 106.057555 103.029558 106.630418 99.933983 95.765035 108.722263 97.183727 98.228610 106.819297 105.839906 98.017436 93.666641 102.206879 97.072959 96.747825 98.513863 101.656974 97.434692 94.614158 95.473936 111.448125 95.954745 97.837554 99.095769 94.746046 99.208621 101.574335 103.011341 97.391149 104.675917 97.169640
107.178144 96.794108 99.248442 98.042709 107.255927 96.982577 109.016646 87.987376 97.694618 106.123565 103.464596 106.254841 99.610982 95.682891 107.130301 97.167392 97.507143 106.435169 105.347326 98.022276 93.448357 101.705064 96.208424 96.012777 98.035788 101.145760 98.928344 95.501629 94.825471 109.603969 96.148154 96.911408 98.670176 94.057109 98.638304 100.605756 102.907445 96.718104 104.057080 96.869648
107.383226 97.032928 100.416869 98.226364 107.121610 96.966583 110.275040 88.518241 98.219731 106.063601 104.187690 106.679411 100.347120 95.989383 107.583701 98.148456 98.227923 106.570254 104.875798 99.371080 93.182036 101.824781 96.559734 97.132785 98.778687 102.492129 100.428150 96.157471 95.433736 110.265570 96.025615 97.633051 98.604432 94.002915 99.411782 100.322739 104.322355 96.474038 103.936058 97.474409
110.100438 98.460473 101.716933 100.498145 109.005666 99.107274 112.358951 89.607414 100.703539 108.230635 105.611680 108.774866 102.158948 97.772412 109.266481 99.787732 99.311009 108.401358 105.390827 101.437005 95.211154 103.231242 97.166974 98.519971 101.283541 103.537264 101.841019 97.294327 97.290009 111.300625 96.593131 99.121846 101.765602 96.397876 100.754174 102.259418 106.526441 98.194984 105.514264 99.687181
111.357864 99.461327 101.746352 100.894426 109.540692 98.921169 112.037265 89.949695 101.618660 107.915190 107.456891 109.203338 102.305815 97.679854 110.286994 100.711008 100.163191 109.657637 105.994512 102.980463 95.125543 103.060012 96.719858 98.769352 101.501926 105.056781 101.503626 97.815257 98.518988 113.021210 96.323872 100.437592 102.775672 97.020695 101.809872 102.932992 107.756457 98.806411 105.277499 101.103400
111.245938 99.511046 102.608359 102.550032 110.444349 100.104467 112.515597 89.504073 102.581738 108.370179 108.264068 109.162166 102.483098 96.926998 110.491837 101.691821 101.106929 110.564147 106.941923 103.248097 95.781040 103.804392 96.183676 98.497802 102.910270 105.499322 101.811320 99.347937 98.261628 112.304394 97.875678 101.895642 103.707003 96.684537 103.063224 102.583374 107.801140 99.423252 105.103346 100.482750
111.298176 99.350520 102.768273 102.521084 109.781927 99.225839 111.805545 89.683178 102.937590 108.231508 107.863645 108.888795 101.763697 96.256446 109.448868 101.909016 101.264282 110.008866 106.763193 103.598074 96.102711 103.710867 95.980126 98.356945 102.153588 105.842320 101.071175 99.513290 98.305768 110.981857 97.931169 101.516666 103.485802 95.998056 103.247512 101.623576 107.229337 99.730989 104.584945 100.255578
113.739576 100.804646 103.720623 103.218986 111.414209 100.184370 113.654054 90.987589 105.359762 109.726224 110.113911 110.401587 103.891962 96.888950 111.336448 103.890659 103.191822 110.504292 109.029707 105.020493 97.096663 106.492984 97.290645 99.264811 103.636408 107.352222 102.176851 101.695145 100.058579 113.115050 99.287693 102.904572 105.377757 97.454161 104.459475 103.082599 109.699708 100.806260 106.203278 102.543925
113.598025 100.502119 103.419269 102.379152 108.777386 98.516007 113.724485 90.357359 104.633993 109.201793 109.122386 109.850046 103.158020 96.229152 109.427645 102.872488 101.949041 110.017807 107.713427 103.785437 96.328405 105.493841 96.418042 98.444680 103.159313 106.277987 101.107327 101.737494 99.253970 112.428915 98.219774 103.182614 104.191866 96.353022 102.946753 101.414486 108.338960 100.913262 105.043718 102.693243
114.256334 100.322999 104.187041 103.604904 109.539412 99.848232 114.323898 90.722458 105.830188 111.289510 109.535440 110.495552 103.799520 96.323539 111.279450 102.046631 103.424003 110.313040 108.037727 104.420850 96.721954 106.648635 97.244859 97.681190 103.707557 107.299232 103.010790 102.869915 99.908347 112.865285 99.085924 103.648228 104.427256 97.719409 103.924236 102.101386 108.651122 101.945633 106.956043 104.761471
113.086706 100.122800 103.326402 103.626758 107.929319 98.150012 111.737907 90.309744 105.268519 109.994769 108.431729 110.402449 102.493308 95.875347 109.743502 101.270748 103.464595 108.262592 106.402309 103.003775 96.124875 106.567367 96.572532 97.007290 103.570217 106.809089 101.632029 102.356687 99.670503 111.177160 98.957637 103.176088 103.450104 97.327936 103.160606 101.780165 108.366578 101.347305 105.890372 103.949506
111.506399 99.709723 103.064112 104.011001 107.631400 97.999604 111.910149 89.808776 105.008395 110.467514 108.342702 110.218706 103.197521 96.882496 110.131421 102.051868 102.878164 108.656909 106.319590 103.594412 96.958212 107.483983 96.859835 96.139439 103.825820 106.633865 101.389160 102.372292 99.017673 110.505107 98.895603 103.003314 104.253061 97.744013 103.546277 100.723032 107.902872 100.816238 105.343874 104.433392
110.162853 98.279753 100.853877 102.310529 106.503789 96.070001 109.512786 87.391855 102.271080 108.128372 106.474730 108.550446 102.160193 95.142455 107.475620 100.405554 101.592293 106.941156 105.622278 101.774611 95.602547 105.776587 95.300517 95.056165 102.494451 105.077402 100.032587 100.338503 97.625174 109.610426 97.276471 101.153196 103.219774 96.723419 102.143060 99.780213 105.517619 99.964990 103.133850 101.981332
109.158749 99.124615 101.474500 102.402887 106.664383 97.186964 109.696332 87.626248 102.290926 109.236153 106.661402 109.904418 101.751833 96.072911 109.606473 101.429933 101.778077 106.711139 106.520840 102.590595 95.845341 106.412547 95.793729 95.525973 103.369269 105.619014 100.706449 102.149587 98.119201 109.921489 97.652758 103.238357 103.742137 97.195694 102.893038 100.908995 105.208613 101.708736 103.748179 102.882224
108.343704 98.665115 101.550241 102.234545 106.077852 97.228616 108.685628 86.601103 101.665820 108.491966 105.672659 109.135884 101.453647 95.681239 107.852894 100.847890 100.975371 106.456474 106.051319 101.448023 95.359676 105.712508 95.114739 93.750432 103.585586 103.601130 100.146414 101.580842 97.349361 109.656813 97.817583 102.774051 103.113739 96.600550 101.642182 100.842713 104.591112 100.298267 103.410847 103.233448
107.448337 97.868284 100.915252 102.703403 106.894956 97.270394 108.795432 86.676867 101.587931 108.433605 105.296386 108.476456 100.921113 96.476898 108.273749 101.356546 101.600866 107.183757 106.106782 101.373950 95.787736 104.579122 93.952745 94.466216 103.588596 103.294421 99.814388 101.956381 97.870234 109.913157 97.340676 102.554949 102.387364 97.720623 102.071389 100.853015 104.115467 99.697076 104.034850 102.917341
107.638214 96.091349 99.819641 102.920175 105.439023 95.389015 108.641398 85.674446 99.780511 108.194692 104.156571 108.826885 99.420735 95.711971 107.390554 100.305550 100.673065 105.120365 105.340248 99.899578 95.019365 103.260630 92.829093 93.318652 103.083006 101.826032 98.374659 100.196591 97.062501 108.291177 96.600066 101.412479 101.568033 97.517867 100.257013 100.222992 103.194146 99.534965 103.465078 102.045060
106.337623 96.258961 99.589607 102.086642 104.015309 94.511264 107.483760 85.171580 97.868051 108.534420 102.812988 108.132267 98.565284 95.271937 105.893704 98.995365 101.043698 104.130550 103.339345 99.251090 93.821758 102.072682 91.268980 93.374478 101.780037 101.922763 97.453376 99.000187 96.685345 107.116005 96.383303 100.248159 100.980518 97.225191 99.219542 100.261818 102.252376 98.762231 102.754622 102.288355
105.354402 95.264425 99.074623 100.685288 102.808565 92.737852 106.733043 84.865270 96.962105 107.525266 100.768456 107.157459 97.961499 96.286316 104.944028 98.187263 100.483739 103.088255 102.277737 98.477156 91.835683 101.739063 91.358708 92.556721 101.638530 100.754274 97.372359 98.454513 95.667229 105.372427 95.578653 98.903374 100.303252 95.609634 97.807499 98.914717 100.527041 97.701968 100.674944 100.543332
106.385152 94.690696 99.313301 101.114954 102.885512 92.683274 107.378263 84.542676 97.959490 106.396626 100.340901 106.749733 99.287865 96.634931 105.598624 97.549279 100.224317 103.138929 101.984152 98.162003 92.054366 100.990209 91.229716 92.907925 102.793749 99.906370 96.794035 98.560474 95.657523 105.454970 96.270090 99.180638 99.746179 95.168374 97.080170 98.697056 101.269167 98.131667 100.316887 100.983627
106.392182 94.417798 100.110218 100.068747 102.846133 92.541302 107.502497 83.811015 97.748839 106.652461 98.748723 107.524525 97.983594 95.129768 105.226371 95.978414 99.228076 102.386559 102.157125 97.453239 90.923936 101.444239 91.479548 92.359254 102.844807 99.723404 95.626638 98.078391 95.444728 104.601345 95.906612 98.559673 99.106040 95.235353 96.425496 97.761108 100.794473 97.556574 100.163575 101.226332
108.082546 96.081389 101.486278 101.379755 104.463919 93.706037 108.449283 85.173794 100.211862 108.516577 100.637453 110.532249 99.649885 97.408618 107.195172 97.820825 100.142050 104.011033 104.376961 99.020201 92.934549 102.615605 93.137073 94.289442 105.094054 100.870734 96.862288 100.058924 97.359037 106.838984 97.475637 100.608418 100.799584 96.889714 98.704352 99.860069 101.777086 99.978513 102.698416 104.303411
107.646986 97.101117 102.690994 101.999287 104.472183 93.473877 109.312307 86.043715 100.045869 108.216381 101.004490 110.889254 100.597465 98.560180 108.382455 97.900128 100.869295 103.520051 103.753943 100.224842 93.423117 103.525371 93.905875 94.453043 106.507745 100.786780 97.127235 100.418837 97.590428 107.775852 97.145367 101.030833 101.025451 98.137276 98.630602 101.042777 101.388917 100.008563 102.742438 104.069039
106.631287 97.005440 103.169776 101.184338 104.330626 92.349316 109.209450 85.815231 100.240429 107.807173 100.664570 109.477806 100.518679 98.706058 107.875168 97.699558 100.303256 102.521454 104.477594 98.902757 93.236325 103.112068 93.014465 94.518780 106.452596 100.605040 96.680388 100.267315 96.543521 107.598125 96.933988 100.890666 102.200916 97.910978 97.847817 101.030764 101.424389 99.574377 102.845970 104.107214
106.886128 97.489100 104.388193 102.426116 104.318420 92.765635 109.748193 85.591942 99.351767 108.290830 101.149797 110.288284 100.231344 99.693545 109.291718 98.396015 99.719936 102.870212 105.496211 99.244556 93.400575 103.697710 92.869318 95.148517 106.221896 101.096459 97.374234 100.478338 96.775564 108.756002 97.384379 101.923189 102.565722 97.640186 98.223321 101.885972 101.845329 100.448216 103.515133 104.837996
106.689747 97.120446 103.485931 101.596889 103.664928 92.613638 107.088134 85.142436 99.008853 108.140064 101.077731 108.655987 99.524975 99.420928 109.114556 96.842878 98.590836 100.650619 104.944075 98.250040 92.183115 102.516132 91.617255 94.711193 105.171998 99.773560 97.919046 100.116288 96.009417 107.569864 96.529553 100.670014 102.472293 97.415280 97.525140 99.936334 101.569798 99.482678 102.598673 104.200498
107.811371 97.302788 104.783781 102.635838 104.005101 92.459823 107.403840 84.856881 100.643723 108.623807 101.709519 110.323245 100.582103 100.078895 110.139178 96.887030 98.923914 101.723077 106.154113 98.780701 92.209337 102.663875 92.488063 95.685059 105.823350 101.445522 98.921559 100.155394 97.707456 107.984840 96.594552 101.422041 103.377131 99.391637 98.277735 100.070388 102.517228 101.062208 103.343818 104.026254
107.996612 97.671479 104.442565 102.580428 104.120368 92.727981 107.953904 85.051375 100.619313 108.021333 101.824819 110.875970 100.516062 99.699167 110.107420 96.694322 99.338403 101.878577 106.135542 98.674245 93.317313 102.245749 92.148924 96.546606 106.187201 101.388759 98.950054 99.482474 97.874382 109.067417 96.785692 102.426769 103.612382 99.493004 98.756069 100.295948 102.698399 101.606706 103.168034 104.870365
108.802798 97.691147 104.667732 102.498358 104.783275 93.056685 108.152117 85.577994 102.192339 108.385198 103.141865 112.504363 101.478210 100.483109 110.192799 97.310067 100.543738 102.499707 107.191330 98.773342 94.469108 103.131041 92.785654 98.219531 106.763634 101.379923 99.931175 100.450022 98.782604 109.974669 96.900485 103.336466 104.806324 99.468806 98.350841 100.477674 103.284685 102.207858 104.932912 106.415645
109.856958 97.363023 103.245914 102.931295 103.478739 92.121462 107.224117 85.301050 101.509178 107.216533 103.003979 112.680330 100.833619 100.364145 109.630840 95.969926 101.152819 101.756404 107.315140 98.002078 94.239300 102.373424 93.576298 97.346694 107.133616 101.131210 99.652435 99.560075 99.025066 110.014599 97.409081 103.769226 104.637559 99.232645 98.243623 100.646498 102.391403 101.575471 105.388653 104.481797
109.274839 96.371575 103.212247 102.013187 102.709555 91.754232 105.824824 84.131424 101.157133 106.345247 101.153485 111.375177 100.133605 99.050983 109.112876 94.639066 100.006666 100.795614 106.282108 96.875952 93.124517 101.335359 92.697600 95.365497 106.029691 100.410566 98.496095 99.081537 98.551557 109.053183 96.075878 102.267113 103.752907 98.353336 97.778781 99.571329 101.998991 100.315523 104.868874 103.382779
107.984530 94.677725 100.935685 101.211056 100.700734 89.731377 103.752036 83.159251 99.473784 105.359056 99.915943 110.058285 98.785855 97.258145 107.432810 92.921126 97.553812 98.900538 105.011640 95.514338 92.659544 100.395095 91.147604 93.711427 104.471766 99.257305 97.258205 96.692381 98.048309 107.251368 94.052486 100.906089 102.280656 96.830924 96.193395 98.771856 100.309062 98.038891 102.705831 101.545081
108.549298 94.996967 101.350878 102.188693 100.696036 89.829339 103.355512 83.271662 99.438686 105.492167 100.440939 110.776932 99.371058 96.850019 106.278692 92.169764 98.100295 97.833126 105.238930 95.010101 91.628725 100.826018 91.278753 93.651606 103.395909 99.474347 97.613333 96.873371 98.134073 107.382128 93.952822 100.835232 100.709440 95.803597 95.968918 99.425390 100.527279 97.142310 103.097772 101.687325
107.312728 93.140060 98.671077 101.275280 98.970255 88.742090 101.666794 81.980649 98.144815 104.683403 99.825276 110.012128 98.130148 96.012690 105.692575 90.197348 96.500637 96.405236 103.253586 93.493407 90.675197 99.397750 90.075326 91.830731 103.080549 98.009422 95.712573 94.612308 97.175842 104.595996 92.890937 99.553771 100.005305 94.850570 95.113215 97.984499 99.661913 95.787412 101.763724 100.668994
107.486475 93.169009 99.267195 100.457714 97.826568 88.464287 101.038326 82.255482 97.418530 104.862277 100.660036 108.693478 97.228709 96.173409 105.203548 90.084614 96.494365 95.954507 102.124019 92.534974 89.917094 99.267264 89.821468 92.201747 103.354185 97.655214 95.367478 94.609802 97.364874 103.610177 92.646550 100.270032 99.037164 93.996166 94.743977 96.991292 99.292803 95.978690 101.205910 99.457780
107.144005 92.805800 99.926999 99.924048 96.938484 87.961500 100.457676 82.221662 97.258307 105.181174 100.848816 108.414646 97.240695 95.285141 103.397440 89.934359 96.772293 95.183643 102.210262 91.908601 90.086595 99.354195 89.888431 92.166300 102.703472 97.769194 94.481005 94.779116 97.487994 103.651848 91.345602 100.924308 98.886070 92.791036 94.121772 96.711993 99.354992 96.726241 101.816317 99.996433
106.071300 91.344644 99.293623 99.559752 96.705244 87.855249 100.094178 82.209797 96.275552 104.700002 100.232560 107.959958 95.981322 93.871755 102.555380 88.819668 96.698181 93.950859 102.056149 90.369835 90.075893 98.697597 88.442661 91.124321 101.508159 98.172685 93.793258 93.405348 96.336333 102.041627 91.071571 100.849037 98.241927 92.025207 93.155503 95.480730 98.004513 96.991022 100.510916 99.194447
107.629792 92.327114 99.180641 100.868203 97.827652 88.190954 100.404786 82.808513 97.612547 105.654472 101.661725 108.411722 95.682981 95.598181 103.995978 90.065633 96.931448 94.926089 102.307605 91.603301 91.035260 99.915744 89.818926 92.107106 103.141845 100.296044 95.418554 94.196802 96.915517 102.263729 92.528737 101.956763 98.850028 93.376382 94.340420 96.327039 99.151796 98.909205 101.100349 100.044815
108.532161 92.611082 100.363119 101.180209 97.401687 89.462977 101.197818 83.922215 99.141662 105.536436 102.071341 109.211518 96.399176 96.406579 104.467537 90.705399 96.575119 95.528965 102.458220 92.279515 91.104749 100.734718 90.376469 93.098080 103.824835 100.092708 96.821251 94.664896 98.318938 102.905950 92.787826 103.181655 98.985072 93.776807 95.686535 96.757663 98.299939 99.683546 101.842995 101.984143
107.733503 92.857118 98.632471 100.463003 97.119420 89.374680 101.017352 84.076837 98.747002 104.586753 100.589944 109.311380 95.623944 95.795121 104.758124 90.359966 96.788870 94.785460 101.889520 92.214374 90.746397 100.272526 89.866538 92.348139 103.526258 100.289207 97.285857 94.697322 97.548399 101.770679 93.412061 102.818485 98.061997 94.098204 95.610388 96.773744 97.438465 100.219047 100.508595 101.320265
108.278536 93.437789 98.948629 101.169934 97.593514 89.449881 101.522451 84.459731 98.646995 104.929633 101.656288 108.613818 95.889075 96.112992 104.762151 90.864319 96.337807 94.874466 102.586044 92.541134 91.292712 100.422500 90.007882 93.685978 104.502617 100.765251 96.746080 94.576983 97.714404 102.169112 93.038893 103.256778 98.436015 94.333252 95.539377 97.452878 97.697052 100.250955 101.597174 101.515182
108.306169 92.890071 98.863162 100.767358 97.917891 89.458557 101.159957 83.752488 99.329009 104.722230 100.736575 108.494653 96.184942 96.199181 104.344464 90.896800 95.593739 95.434295 102.282729 91.709380 92.334467 100.640538 89.215834 93.395461 103.639498 100.411206 96.325988 94.411231 96.446955 101.459608 92.786047 101.723776 98.135597 94.045202 94.905983 96.472786 97.270773 99.906271 100.916631 101.727157
109.519371 93.319448 99.850676 101.859836 98.598890 89.504324 102.284665 84.911052 100.076253 105.084631 101.873187 109.406343 96.365628 96.515045 105.717329 92.205698 96.011141 95.860243 102.055643 92.314955 91.887655 101.999305 89.703359 93.270417 103.685280 100.992777 96.225237 94.436617 97.117972 102.220644 94.068359 102.094223 99.383190 93.809973 95.755435 97.329811 98.750012 99.793686 101.210877 102.435259
109.048413 93.739667 99.282961 102.485837 98.351634 89.214216 101.514609 84.935219 99.818978 105.374148 102.331287 108.853557 97.209576 96.481730 106.526063 91.551812 95.805058 95.988578 102.685066 91.980113 92.227835 101.671049 90.788746 92.987093 104.135679 101.063845 96.386453 94.647436 98.231415 102.268662 94.334005 101.958258 98.762195 93.932573 96.395525 97.794186 98.704850 99.700629 101.959566 103.100806
108.492719 92.386274 99.105544 102.222265 96.796417 88.643790 100.624281 83.649190 99.078600 104.898383 101.782803 108.014430 95.469038 95.111972 105.825129 90.417804 95.159511 95.110080 102.324638 91.509383 90.988896 100.012288 90.435716 91.651587 102.596122 100.455652 96.116414 94.393980 98.077121 100.646434 93.311712 101.608920 97.465222 93.225032 94.663171 96.475442 98.390200 98.245788 102.018730 101.651445
108.848865 93.167461 99.184547 101.364251 96.864982 88.880934 101.000342 82.688143 99.281385 104.913661 102.339770 108.016344 96.215835 95.231337 105.067083 90.309534 94.786876 95.965559 102.557278 91.615406 90.965865 100.035130 90.661280 92.168227 102.869150 99.693614 94.935278 94.469694 98.004023 100.424346 93.774291 101.317234 97.782447 92.519166 94.958601 96.352006 98.489225 97.720544 102.157241 101.860295
108.049470 91.573492 98.447257 100.916496 95.676193 88.302858 100.433442 82.028186 98.512607 103.854983 101.293853 106.987094 95.132979 95.497553 105.040636 89.303231 94.700487 95.243016 102.499352 91.273896 90.292015 98.989418 90.473113 91.709119 102.404384 98.900672 94.211160 94.336361 97.500783 99.730188 94.375237 100.869423 96.205486 90.812890 94.163031 96.533926 97.650197 97.706730 102.584152 101.236356
106.103633 90.022402 96.076242 99.168706 94.254095 87.209489 99.575308 81.216884 97.153159 101.999298 100.268105 105.861953 93.756862 95.432066 104.150445 87.887748 93.411930 93.877665 99.991210 90.449901 89.197214 98.559186 89.455466 90.230574 100.245910 98.022350 93.199973 93.021104 96.121403 98.059697 92.814820 99.445020 95.101994 90.474047 93.131856 95.906739 96.051267 96.529568 101.551992 99.463273
106.151442 90.454962 96.483965 100.086552 94.330397 86.956649 99.833588 82.185798 97.457910 101.992661 100.299016 105.644464 93.974845 95.700854 104.972611 88.090330 92.834118 95.122418 99.555422 92.086942 88.988337 99.014321 89.859094 90.476675 101.790095 98.500996 94.056706 93.887637 97.034654 98.754373 93.097609 99.257316 95.846480 91.122008 93.255241 97.216468 97.713076 97.834794 102.233900 99.406909
107.089097 90.732144 97.134023 100.731252 95.302528 87.905013 101.405632 82.944621 97.558065 103.709945 101.656826 106.255050 94.981723 96.285810 105.593957 89.521591 94.111755 96.397043 100.897342 93.176256 90.093250 100.375136 90.635990 90.553953 104.059766 99.666980 95.299815 94.413305 97.431338 99.306362 94.417839 100.745799 95.867185 93.287757 92.558650 96.699763 99.510458 99.110848 103.555690 100.870811
107.631400 91.492188 97.987796 102.319752 96.385808 89.681112 103.223374 83.722500 98.793636 105.576091 101.789213 107.602489 95.409561 98.373046 107.862123 90.058004 95.141260 97.662636 102.787746 94.750402 91.192036 101.414174 91.863811 91.834747 104.978974 100.964701 96.284717 95.924726 99.009296 100.719631 95.637766 101.371987 97.601413 94.418515 94.289846 97.718191 100.222084 100.753383 105.456162 102.585055
106.766749 92.139004 97.055716 102.633056 96.356173 89.405378 102.762704 82.815849 99.300693 104.506515 101.624578 107.644484 95.660258 98.489918 108.681825 89.545893 94.717353 97.135634 103.338253 94.948158 91.168476 102.008154 93.014215 91.918313 104.324840 101.451499 95.340236 95.768792 99.289202 99.665498 94.528093 101.613053 98.055832 93.884969 93.680197 98.811220 100.070832 101.112216 105.547315 102.905078
106.149344 91.420973 96.109618 102.782732 96.841799 88.818855 102.863542 81.706438 99.273744 104.125576 100.543744 107.281678 95.659250 97.890971 108.557053 88.743230 94.006059 96.387186 103.140916 94.318091 91.099971 101.291978 92.512803 91.312274 103.593681 100.457622 95.159374 95.331815 98.028429 98.387898 94.423681 100.407951 97.823533 93.878494 93.562875 97.245065 99.946376 99.865788 105.156834 101.291081
106.253232 92.415348 96.089656 103.403969 97.609503 88.905260 103.638628 82.943916 99.255283 104.469725 100.976679 107.411225 96.476482 99.069541 109.839068 89.677145 93.848142 96.427358 103.735546 94.336157 92.146130 102.309714 92.814605 92.143823 103.802817 100.050356 96.110801 95.677092 98.749080 99.855669 94.611961 101.034976 97.490201 93.817964 94.714506 97.730106 101.208271 101.365443 105.431220 101.089795
106.372765 92.724345 96.704877 103.587903 97.759411 89.151132 103.772207 83.629075 100.932384 105.734393 102.223319 106.772382 97.573358 100.598077 110.848891 89.452402 95.013945 96.522238 103.809711 95.352886 93.045224 102.605524 93.691966 93.332313 104.973847 101.045248 97.020529 96.329736 98.542053 100.009033 95.717773 101.337844 97.732713 94.786131 95.268340 99.553667 101.859835 102.520203 106.825192 103.116461
107.496164 93.450838 97.212401 103.960530 98.126544 89.017805 104.602663 83.473585 101.145650 105.223313 102.136802 107.286539 98.557611 100.854556 111.760520 89.945635 94.911178 97.814779 104.269381 95.507890 93.795119 103.772427 93.007884 93.531980 106.126682 100.912142 96.643335 96.046003 99.402909 99.955785 95.405852 102.260109 99.077116 94.844375 95.339027 100.646422 102.252361 101.625013 107.324242 103.186086
107.628949 93.618845 97.226161 103.034907 97.874174 88.381704 103.585147 83.088908 100.796641 104.522523 102.669262 107.605494 98.639294 100.913370 110.655939 89.446656 94.550389 98.126571 102.896342 96.428737 93.599749 103.987984 93.407876 93.753189 107.314620 101.563163 95.579193 95.716954 98.657376 100.885098 95.528149 102.015918 99.333743 94.875801 95.596351 101.253426 103.066532 101.619024 106.325596 103.175939
108.733698 92.996585 97.603283 103.884375 98.437105 88.769516 104.916506 83.065465 101.654022 105.021897 102.444693 108.083443 99.026062 100.732580 111.761081 89.459791 94.329719 98.231938 103.674674 96.220286 94.081097 105.441965 93.587652 94.636536 108.374791 101.349782 96.813039 95.867842 99.200035 101.718221 95.540789 102.770580 99.670915 95.455190 95.959912 102.252785 103.073636 102.236512 106.452529 103.787678
106.923285 91.365627 95.929833 102.404295 96.911182 87.257013 104.060514 81.097393 99.309374 103.754095 100.576461 106.994024 98.061398 99.950256 109.583671 88.065236 91.757986 97.164860 102.666660 94.886881 92.710531 103.144629 91.593228 92.954985 106.121364 100.119572 94.601816 93.378246 97.575886 100.373064 94.309925 100.980510 98.116050 93.837472 94.480355 99.712231 101.828015 100.770864 104.567317 102.023733
108.126154 90.697912 95.407939 102.063111 95.907778 87.429747 103.381066 81.710581 99.262280 103.746556 101.035952 107.878886 97.995262 98.978847 108.763455 87.400929 90.896200 96.931364 102.568233 95.427988 92.695731 103.043664 92.506058 92.516091 106.121143 99.196839 93.786136 92.911367 98.348890 100.191486 94.004599 100.789824 98.113853 94.317151 94.402781 99.881138 100.578827 100.745160 103.397416 101.925522
108.561629 91.540555 96.562470 103.931033 96.350856 88.456923 104.373062 82.058642 100.262149 105.420351 103.358476 107.873366 99.054226 99.958521 108.514375 88.091022 91.876801 97.347099 105.650627 97.325541 93.211007 103.226808 93.729079 93.508484 107.659758 100.659718 94.381143 93.553522 99.692052 100.354113 94.818716 101.698793 100.166875 95.649992 95.272065 100.687523 100.746248 101.044719 103.417778 103.027480
109.362344 92.894144 96.910792 104.433423 96.065401 89.447324 104.600752 82.822074 100.972578 105.921569 104.616052 109.055449 99.261946 100.854800 109.182139 89.298582 92.431259 97.909846 106.480184 98.945879 93.222145 104.250594 94.321727 93.105414 108.191807 101.761775 95.014749 94.066191 100.568233 101.318679 95.662502 101.645358 100.539300 96.610995 95.792028 101.545219 102.414960 101.168430 103.727993 104.281114
110.594579 94.077210 96.906253 104.664002 96.776331 90.203194 105.572856 83.701308 102.561133 106.639548 104.065379 110.352550 100.322958 101.260844 109.532838 89.148453 92.890619 96.933727 107.644578 100.325398 93.950462 104.656059 95.297405 93.648356 108.804292 101.899495 96.595713 96.215560 101.335467 101.901327 96.655177 102.344568 101.042897 97.752595 96.385964 103.030702 102.916460 101.957876 104.998911 104.796190
110.467963 93.599157 97.514086 104.590045 97.693213 90.034150 105.216294 83.819834 103.387789 106.793457 103.814182 109.953983 100.812786 102.254750 109.713852 90.075931 93.666164 96.424295 108.076546 99.928647 93.477442 106.592823 95.462300 93.973147 107.928186 101.809535 96.648368 96.390784 101.852555 102.550015 96.761984 101.299762 101.343847 97.747801 96.374109 102.344022 102.683574 101.729808 105.035283 104.543672
110.844782 93.519235 96.519855 103.551966 97.326197 90.642574 104.709881 83.641211 103.210087 106.877345 103.063385 109.106995 100.834217 101.496403 109.878911 89.085082 93.293649 96.734445 108.343057 98.619367 93.159502 107.387636 95.907098 93.815247 107.993819 101.772714 96.596202 96.804270 102.719509 101.811375 96.584786 101.325445 102.767910 97.529835 96.683871 101.790566 102.117890 101.681163 104.529249 103.811187
110.230618 92.897138 96.229682 102.884550 97.202896 89.865030 104.130153 83.173472 102.310182 106.694016 102.482463 109.461516 101.492612 101.404702 109.927053 88.500101 93.166391 95.258597 107.382052 98.142412 92.668931 106.441674 95.514294 92.835061 106.630905 101.676869 96.108755 96.148251 102.318833 100.654976 95.535916 101.626558 101.800648 97.000237 95.551129 100.984316 101.859564 100.523916 104.388209 103.209317
110.610275 93.395638 96.307921 103.257123 96.788535 89.810117 103.785448 82.810583 102.552987 105.480609 102.387101 107.940963 99.928952 100.927990 109.671306 88.487013 93.703947 95.282011 107.505117 98.146370 92.316808 106.524306 94.956149 93.039142 107.169122 101.579920 95.532366 95.784496 104.103071 100.125836 96.364713 100.788816 101.157254 97.301235 95.148853 100.826462 102.141722 100.617820 103.893598 103.347367
111.719829 93.643392 95.940166 102.637634 96.842219 89.144375 104.646039 82.482217 102.145263 104.682777 102.447781 107.093041 99.848388 101.207261 109.277748 88.649085 93.310535 95.577819 107.298677 99.227063 92.884925 106.177720 95.107255 93.116429 107.328650 101.652305 94.699933 96.330398 102.820654 100.123596 95.930231 100.969833 101.243445 96.135549 94.813759 100.585829 102.644664 101.589727 104.570363 102.205069
112.251313 94.042340 96.016031 102.633054 98.517981 89.222369 104.953091 82.731833 101.852085 104.951511 102.763105 107.260670 99.961507 101.227183 109.926356 88.456778 93.939964 95.984985 107.805832 99.749497 93.212791 106.954967 94.934515 93.051827 108.627113 101.544653 94.682544 96.399605 102.525764 100.312329 96.255823 101.605043 101.596571 97.393658 94.698565 101.241345 102.289357 101.608509 104.155628 102.661488
112.990709 94.813785 96.238891 104.120904 98.992972 91.083492 105.583781 83.867186 103.051408 106.497979 103.860658 108.854512 100.676676 101.304532 111.161593 88.950242 93.835637 96.174274 109.472032 100.862694 93.728896 108.060605 96.272057 94.013105 108.826956 102.942892 95.071384 97.190532 104.165156 101.343686 96.708420 102.705659 102.817874 98.744400 95.925711 101.642204 103.097275 101.823361 103.792986 102.427977
113.328170 94.336354 96.033977 103.967758 98.840624 90.347612 104.552607 83.770504 103.693601 106.447188 102.781978 108.920935 100.530825 100.475810 110.441105 89.191111 93.755017 95.242154 109.019133 100.013419 93.285858 108.210138 95.481237 93.835293 107.879278 102.610207 94.690501 96.815230 104.024060 101.014757 96.599162 102.482482 103.082034 98.120103 95.700430 101.426860 103.102327 101.559497 103.556561 102.857358
113.008626 94.052218 95.941130 103.739080 98.322719 90.505312 104.589189 84.236515 104.777447 106.786653 102.780666 108.339784 100.801032 101.217353 109.848410 89.033266 94.145631 95.316179 108.783910 100.327471 93.263656 107.793397 95.463262 94.961884 109.096800 103.236472 94.488210 96.704039 104.116806 102.078557 96.103340 102.799714 101.924061 98.754072 94.832211 100.669159 102.243184 102.372471 104.462673 102.872963
112.406837 94.039999 96.023474 102.239841 96.932522 89.893772 103.247596 83.660891 105.147090 106.242422 101.405671 108.199551 100.707726 100.193636 109.235501 88.646511 93.318599 94.819777 108.722626 99.467678 93.453233 107.300003 94.747339 93.943980 108.179393 101.958069 93.759778 95.621468 103.683158 102.215797 94.589928 101.672682 101.344273 98.103095 94.121503 99.334299 102.046897 101.253766 102.906664 101.563504
111.753879 92.891362 94.585531 101.394581 95.382572 88.298009 101.688855 82.850867 104.865602 104.901819 99.302617 107.114957 99.999141 98.183619 108.259694 86.899796 91.857982 93.535357 107.864656 97.562757 92.598622 106.130779 93.641899 92.879993 106.017961 100.865532 93.311017 93.310300 101.908115 100.371049 93.649861 99.307676 100.090674 96.365187 92.768460 98.924880 100.876721 100.000209 102.594812 99.640487
111.837743 92.178102 93.903753 101.519562 94.208346 88.409785 101.741684 83.499806 103.839020 106.140792 98.267036 106.484321 100.147087 98.138084 108.401660 87.263020 91.727647 92.708544 108.441095 97.761772 92.777844 106.786691 93.924189 93.432065 105.626665 101.127734 93.443834 93.237431 101.837636 99.536092 93.960021 98.893456 100.383734 95.249946 92.654291 99.262539 101.496401 100.499017 103.078466 99.223508
113.361194 94.085524 95.719544 102.022307 95.416132 89.360722 102.631095 84.533141 105.949043 108.250315 99.222575 107.366497 100.941743 99.027938 108.479147 87.637601 91.742981 94.454206 110.050281 98.428042 93.597761 107.541869 93.817373 94.831445 107.625631 101.527573 93.048189 94.739432 103.200722 100.435079 95.208380 100.278818 102.130381 96.090116 93.766714 100.823778 101.087126 102.575307 103.675893 101.023042
113.829114 94.430331 96.117159 102.628738 96.073031 89.734478 103.358872 85.010313 106.563563 109.205741 100.140636 108.294629 100.943736 99.905082 108.347538 87.996636 92.310502 94.483897 110.414759 98.538415 94.274900 108.019215 93.947930 95.026807 108.263236 102.069435 93.586505 96.178769 104.152617 101.330421 96.179414 101.539681 102.373503 97.159043 94.510836 101.682394 100.304333 103.292804 103.423914 101.120076
113.176380 94.707068 95.901353 102.721694 96.552269 89.575977 104.806945 85.350275 108.048153 109.553949 101.578775 109.361439 102.042928 101.104920 109.859054 89.035766 94.087469 96.151289 111.337410 100.542054 94.946064 108.666630 95.462902 96.390887 108.382378 102.721878 94.841124 96.608559 105.165442 101.975985 96.576487 103.269824 103.988972 97.862223 96.157430 102.191852 101.328326 103.187845 104.585452 102.110720
113.879083 94.700453 95.576927 103.448230 97.875319 90.061163 104.259334 86.164556 107.857291 110.513771 101.799137 108.871345 101.881510 101.959691 109.744214 88.584706 93.610755 96.014510 111.254766 100.102699 94.943135 108.122620 96.609580 96.411682 108.645048 102.764558 95.249711 97.240740 105.737515 101.404170 97.085405 104.092139 103.387474 97.789313 96.638822 102.800181 101.341082 102.460843 104.853666 102.936060
113.711720 92.994961 95.188696 103.499153 98.630353 89.199387 103.033992 85.716093 107.473964 109.748205 101.252181 107.971883 101.314276 101.207467 107.768168 88.491119 92.832029 94.985172 110.769611 99.798259 95.199161 107.855066 95.017797 96.509885 107.840326 102.984845 93.940870 96.662549 105.126629 100.697248 96.522146 103.187511 102.901419 97.202449 96.232079 102.684685 100.563016 102.002236 102.922701 101.969465
112.939594 92.811649 94.963014 104.389798 99.543018 89.499768 103.994385 85.805100 106.652547 109.614002 100.495822 106.236235 101.826583 101.234393 107.789648 88.291305 92.683913 95.280656 110.317274 100.368846 95.013567 108.238090 95.426854 96.729234 108.832773 102.715814 94.236568 97.567751 106.100683 101.863183 95.887956 103.648549 102.832605 97.193910 96.546959 102.836405 100.519945 102.607672 103.759750 102.336272
114.922544 93.353550 96.395091 106.182947 100.919387 90.023723 104.122389 86.909375 106.497934 110.690684 102.322322 107.538273 102.504096 102.387225 108.046765 89.687397 93.504479 96.583265 111.314656 101.079194 96.352653 108.994227 97.923470 98.320881 110.428650 102.886276 96.309133 98.890431 106.797699 102.941461 95.852201 105.320522 105.748347 97.895553 96.795346 104.696480 102.083389 103.436619 104.881787 103.411250
115.966033 93.257434 96.816900 106.271384 100.486162 90.475028 104.402232 87.506180 107.932068 111.892995 102.726066 108.316576 104.210214 102.485213 107.631476 90.070917 93.307697 97.321529 112.141156 101.372198 97.282252 109.795546 96.586174 97.331036 110.063223 102.185412 96.877025 99.039303 106.979764 102.353330 95.389941 105.532963 105.916266 97.315289 96.910244 105.326779 102.665731 103.950761 104.484300 103.061491
115.242557 93.869245 97.346693 107.328141 100.195818 90.414508 103.738678 87.494008 109.843791 112.142273 102.491277 108.966285 103.837400 102.785948 107.625747 90.277835 94.235219 97.445653 112.123144 101.290155 97.391399 108.905873 96.350489 96.774992 110.573064 102.717739 96.827423 98.704489 107.069973 101.253853 95.619967 105.906934 106.221103 97.804162 98.043236 105.604423 103.112449 105.794600 105.330683 103.255465
114.855384 93.105475 96.327028 107.375817 100.201217 89.776347 102.246796 85.867465 109.366940 111.107020 102.399455 109.591782 104.504675 102.274700 106.413491 89.247797 93.485310 96.770846 111.711145 99.978808 96.388404 108.833307 95.109647 96.240367 110.243032 102.094220 95.836113 98.085153 106.415752 101.000897 96.081844 105.681569 106.055578 96.975760 98.438742 104.800787 102.185209 105.638971 104.775816 103.734537
116.499059 93.086268 97.279838 107.618734 101.388552 91.202010 103.658818 87.090599 108.851072 111.732903 104.738863 110.826232 104.952544 102.251144 107.299662 90.081723 94.640271 97.744083 112.381208 101.352200 96.879766 109.432744 95.637245 96.111530 111.321978 102.860137 96.346369 99.102465 107.145837 102.026791 96.647243 105.945109 105.488715 98.783982 100.287530 106.335114 103.959123 106.943699 105.600944 104.562194
117.405190 93.308181 97.684834 107.617887 101.570261 91.352048 104.550733 88.054795 108.902546 110.967497 105.020340 111.495868 105.957089 102.987134 107.350523 90.309748 94.542828 98.093045 114.136467 102.677394 97.811108 110.399171 95.953391 97.015442 112.399737 104.202094 95.806043 99.932759 107.542899 102.273657 97.057155 105.806237 107.136758 99.636609 100.692231 106.357007 104.007595 107.430235 105.998801 106.170678
116.958480 92.492570 96.550309 107.396463 101.112246 90.682380 102.870072 87.087652 109.013133 110.071330 103.962327 110.125973 105.106557 103.329400 106.082399 89.836723 94.028846 97.003801 113.902532 101.790095 98.728485 108.837132 95.029223 96.227391 111.957308 103.134091 94.985846 99.078250 107.070350 102.238482 96.047908 104.682388 105.399750 99.153130 99.659771 105.574291 104.292016 107.797002 104.042931 105.282239
117.586680 93.832380 97.840861 108.124153 102.012664 91.529307 102.624287 87.298180 110.179973 111.031133 104.978441 111.387548 106.870548 103.441338 106.916476 91.350813 94.805817 96.945749 114.678100 102.757367 99.793754 108.877013 95.754584 95.807220 112.094105 103.828734 95.486028 98.742773 106.229532 103.486651 95.002447 105.086905 106.139884 98.881868 99.772480 105.357113 103.817856 108.934402 103.245174 106.070024
117.590240 92.973044 96.770757 107.086396 102.235006 91.590058 101.798597 85.710173 109.343536 110.640267 103.401165 110.341652 106.273967 102.033045 105.645121 90.039922 94.139273 97.039519 113.048267 101.611208 99.432438 108.612804 95.175974 95.192974 111.857805 102.661616 95.260169 96.424023 106.762580 103.011285 93.753690 104.950348 106.107646 97.664377 99.821965 105.345271 102.906171 108.630959 103.111998 105.879597
117.569263 93.615723 96.916412 107.293791 103.264674 92.991399 103.629927 86.281062 109.169125 111.202209 104.004808 111.528701 106.687870 102.063080 105.496871 90.583731 94.559915 97.291433 113.681529 102.515692 99.808211 108.673269 95.829233 96.309100 113.674232 104.369254 96.250799 96.682848 108.033140 102.784532 93.612374 105.195800 106.983414 97.511825 100.159103 105.601016 103.021244 109.379095 103.839564 106.554420
116.214416 92.564480 96.644305 106.457497 101.476011 92.645969 102.770909 85.340392 108.615340 110.981317 102.803150 112.026051 105.154359 100.172427 103.562449 89.417813 93.488237 95.301156 111.742454 101.576692 98.196569 106.619206 94.826346 95.062026 112.801970 103.402306 94.833880 95.039693 107.140988 101.237060 92.522823 103.735121 105.114192 96.789524 98.713453 104.379007 101.743255 107.802991 102.438530 105.417733
116.528316 92.166708 96.773588 105.039722 101.726555 93.029660 102.722006 84.834637 108.077852 110.238115 102.276756 111.235681 104.504070 100.067210 103.825810 88.100027 92.564237 95.255670 110.088474 102.043672 98.957785 107.635470 95.098476 94.644745 113.039259 103.515370 94.543051 93.412752 106.232532 99.732047 92.754433 103.277099 104.966553 95.441914 98.150353 103.531222 101.182363 105.844243 102.002030 105.147462
114.586666 91.822482 96.225674 103.494733 100.506045 93.202571 101.348216 83.676168 105.471623 108.917413 101.366941 110.408511 103.413363 99.090987 103.843139 87.104120 92.356418 94.625082 109.977681 100.694370 98.167505 106.319188 94.462206 92.967859 112.797971 103.338295 92.959931 93.014295 106.504879 98.850411 92.434846 103.156112 104.465020 94.246194 96.918999 102.162316 100.877863 105.255685 102.104073 104.316385
116.462169 91.507982 96.420158 104.086199 101.176187 94.028873 100.752195 84.886387 105.242771 109.093082 102.335007 109.660818 103.124897 99.065680 104.272229 86.984515 93.044927 95.284172 111.739995 101.126734 98.913148 106.524347 94.567291 93.316397 113.453527 103.707745 93.882842 94.116096 106.243154 98.879446 92.206816 104.208251 104.986034 94.718596 96.543128 102.635876 101.913841 105.436098 102.494369 104.504500
116.325839 91.455255 96.412565 103.900250 100.264190 93.302502 100.530245 84.266401 104.105184 108.561684 101.496331 109.036524 101.725483 97.790802 102.815592 86.851264 92.871624 94.411789 111.153002 101.002168 98.445033 106.230681 94.308504 93.058375 113.335692 102.972028 93.517083 93.642658 106.545669 98.024955 92.312235 103.010264 103.198544 93.798504 96.387398 101.519836 102.060971 105.830416 102.283853 104.482974
115.314192 90.861203 96.358855 102.260804 99.703346 92.838382 99.356222 83.035801 102.680985 108.475897 99.712297 108.280919 101.021079 96.734498 101.076280 86.355185 92.571035 93.178403 110.492336 100.608036 97.772294 104.930978 92.638550 92.632613 113.522777 102.278331 93.462887 93.525740 105.639754 97.242884 91.650537 102.892337 102.152315 94.263243 96.547704 100.766871 101.586152 104.504197 102.091109 104.062167
114.872419 89.478107 95.378123 102.779807 98.435349 92.412241 99.470266 82.211445 101.720261 107.976379 99.228355 108.696567 100.647227 96.687241 99.727152 85.606456 91.095255 91.936963 109.475148 101.129113 97.656005 104.597558 92.365841 93.579691 112.622376 101.683613 93.555985 93.070717 104.962516 96.105110 91.243247 101.737324 101.815068 94.301066 96.554172 99.875001 101.694268 103.762853 102.854272 104.007475
116.421663 90.853411 95.698013 102.311441 99.553504 94.079501 100.497398 82.549044 102.580484 108.606915 99.212786 109.267622 101.304998 98.094387 100.261983 85.808957 91.753295 94.048051 109.973936 102.736366 98.547258 104.553670 93.452505 94.325793 114.060849 103.282030 93.625034 93.808966 105.940848 98.353203 91.632451 103.299328 103.101821 96.051065 97.802550 101.191794 102.456727 104.912119 104.547830 105.383731
116.590187 89.990626 95.986386 100.744808 100.086040 93.616702 101.307555 82.069751 102.043975 107.985979 97.944692 109.585307 101.146787 97.978994 99.315944 85.250084 91.412006 94.526360 109.158139 101.701066 97.178658 103.779178 92.912774 92.819437 112.429523 103.867047 92.618176 91.999888 105.527172 98.780019 91.262400 102.635144 103.560990 95.649863 96.556294 101.062700 101.398649 105.098357 103.549897 105.510507
116.522806 88.585777 95.375580 99.968685 99.779629 92.233670 100.761419 80.730209 101.242911 106.130586 96.686145 108.428955 99.336852 96.420964 97.225525 84.361489 90.494831 93.224796 107.476566 100.581613 95.896401 102.358952 92.616218 92.077417 111.829649 102.808334 91.657685 91.096995 105.413058 97.213968 90.814549 101.300786 101.365034 95.268006 96.444020 99.738944 100.480036 103.006780 102.205705 104.327587
118.787874 89.471098 97.115591 100.616747 100.610591 92.666630 101.692143 82.060692 102.728170 105.915048 97.276154 109.933509 100.877402 97.570050 98.307440 84.851689 90.945818 93.534228 108.829592 100.399574 96.716503 103.765330 92.867424 93.926335 111.893846 102.911364 92.562598 92.155353 106.628985 98.992744 90.869967 102.603078 102.073671 95.966840 97.389542 100.936663 101.647945 103.437099 102.873324 104.682817
117.495594 89.023109 96.331646 100.358786 99.403580 92.569321 101.040990 81.885231 101.127334 105.029649 95.721739 108.415825 100.207546 96.601855 97.831793 84.162405 89.524775 92.648572 107.630126 99.561425 95.530036 102.783152 92.382983 93.100450 111.433766 102.015822 91.152142 91.233268 105.717062 98.181835 89.817301 101.415522 100.691395 95.078180 96.498472 99.605314 101.129480 103.015784 102.541923 102.907444
116.707273 88.626755 95.529260 99.886120 98.023314 92.909252 100.736939 81.891325 100.814691 103.964746 95.509809 108.595306 100.680443 96.021351 96.915727 83.416824 89.331937 92.379291 106.733391 98.474633 95.260125 101.842512 91.967863 93.024640 110.699664 102.094562 90.915850 91.465979 105.277441 98.652719 88.518498 100.110031 100.538912 94.596472 96.130475 98.177671 99.875216 102.011808 101.304432 102.227933
116.935995 88.529013 95.165737 100.154016 97.974326 92.824773 101.022837 81.909548 101.243160 104.405373 94.988156 109.673469 100.134533 95.418037 97.657494 84.050395 87.601979 93.090931 107.219226 100.206853 96.201248 102.340579 92.094921 93.046837 111.670569 102.288590 90.692615 91.962929 105.763416 98.040135 88.616482 100.434653 99.812773 94.413742 95.089511 98.365540 100.826019 101.893312 100.539976 102.684231
116.305080 87.493616 94.066836 99.090468 96.837442 92.168940 100.031080 81.508698 99.524909 103.080006 93.848743 107.992595 98.153285 94.163602 96.838553 82.997335 86.969297 92.257519 105.808498 98.774772 95.275262 100.799848 91.784334 92.811850 111.374854 100.797161 89.921138 90.417744 104.811726 96.255986 87.410582 98.961612 97.235521 93.320881 94.239433 97.291442 100.040923 100.701439 99.151646 102.331688
115.908122 88.489043 94.593554 99.642242 97.550286 93.733604 101.192250 82.958880 99.183941 102.126105 94.199520 107.469428 98.350008 95.004336 97.226149 83.408096 87.439206 92.716879 106.952882 98.634138 96.290534 101.332138 92.489396 93.327505 112.659245 101.710450 90.545233 90.699612 104.941210 96.444951 88.543662 99.260200 98.281615 92.855475 94.972509 97.182530 100.331411 100.978660 99.899989 101.654024
114.831353 88.765487 93.401602 99.345366 96.934100 92.497508 100.296872 82.079456 99.510763 101.388969 93.487482 106.785583 98.560507 94.115291 97.823648 83.154832 86.565611 92.998357 106.308909 97.646988 95.785573 100.596479 92.153809 92.025964 112.473071 101.088074 89.988560 90.103974 104.459514 94.993450 88.242076 98.610390 97.786372 92.436050 94.196007 96.074075 99.927847 99.197280 98.426060 101.669066
115.191888 88.824958 93.283988 99.434012 96.141362 92.702543 101.144896 82.440605 99.720754 101.534502 94.476565 107.687138 100.432900 94.616312 97.958120 83.659765 86.424326 93.400423 106.458844 96.929981 96.404397 101.090805 92.207588 91.998770 112.331347 101.792390 89.180435 89.945933 104.401830 94.913012 88.027397 99.435208 98.973866 92.690011 93.664302 96.633853 99.668580 98.980886 99.174193 102.251265
116.847463 89.313557 94.378552 99.359108 96.481818 93.223159 102.144135 81.797298 100.871093 102.098551 95.577374 107.949892 101.950291 95.420777 99.380253 84.515716 86.804240 94.194119 107.126880 97.723490 96.167273 101.412297 93.130645 93.205099 113.244103 102.171406 89.293267 89.791216 104.274102 96.382221 89.179925 100.988003 99.996769 93.459395 94.458597 97.841910 100.438923 100.622647 99.927226 102.404302
115.482577 88.481610 94.573895 97.979344 95.333532 92.735908 101.089430 81.242128 99.995378 100.731679 95.009861 106.688464 101.866016 95.879204 98.804440 82.925382 87.254939 94.137577 105.646519 96.950076 95.815674 100.814281 92.839688 92.926130 112.667061 101.186308 88.754027 89.916190 104.039092 94.886477 88.889816 98.485936 99.603539 92.881036 94.253565 96.689055 99.876859 99.570852 99.145162 101.423100
114.843584 88.167557 94.401363 97.879473 95.857652 92.242762 100.707007 80.868597 99.641633 99.907314 95.792717 106.533149 102.159608 96.693690 98.989764 82.913235 86.876848 94.131570 105.025111 97.001565 95.663329 101.039735 92.596243 92.938902 111.910792 101.540267 89.013302 90.295590 104.698715 95.997006 89.147670 98.583700 100.711753 93.038575 94.674715 95.918898 99.060360 99.283186 99.551166 101.590131
114.605791 88.242544 94.485354 98.212979 96.869262 91.848975 101.870535 81.407570 100.524967 100.478830 96.394828 106.684596 102.501627 96.434112 100.036887 82.715848 87.555307 94.457892 106.103711 98.073419 95.735276 101.138358 92.712911 93.517033 112.533244 102.603878 90.216870 90.147988 105.284457 96.150685 89.270857 99.129745 100.490090 92.826674 94.977508 95.747546 99.258731 98.908953 99.953979 101.332265
112.651153 86.832269 93.110232 96.767715 94.793040 90.554208 100.602330 80.240699 98.232955 98.313392 95.430183 105.610505 100.514823 94.823444 98.776514 81.495152 86.971840 92.683638 104.861477 97.325327 94.817073 100.105518 91.462572 92.260996 110.961363 100.790926 87.880720 89.209130 103.940560 95.090757 87.734795 96.962700 98.382597 91.283433 93.486918 95.027097 97.654358 97.710866 98.196825 98.979942
112.375229 86.275145 93.598653 96.648497 94.926136 90.741805 101.164989 80.383362 97.696384 97.865560 94.640181 104.394747 100.464920 94.810827 99.190433 80.901220 86.912214 93.576447 104.008379 97.062543 94.513812 100.501163 91.192005 92.949732 110.023640 101.012419 87.832162 88.170114 103.691507 95.304139 88.121756 96.888635 97.989730 90.557801 92.753604 95.428458 98.191207 97.452929 97.574741 98.269963
113.357400 86.718011 94.041914 96.606267 95.269948 91.009510 101.102629 81.010693 98.962474 99.110164 95.355828 104.284969 101.405604 95.516947 100.168839 81.354316 87.000017 94.391068 104.839887 97.422341 95.713684 101.076906 91.177305 92.934712 110.156370 102.599135 87.544571 88.031884 104.865365 96.537152 88.074274 96.961980 98.982576 91.003885 93.200470 95.589472 98.394132 97.708766 98.162161 98.285545
112.744128 86.111291 93.444077 94.675954 94.193801 90.667407 99.854873 80.273210 98.873164 98.767656 94.215310 102.900555 101.289018 93.960562 100.199824 80.751891 85.256963 94.078250 103.398906 96.476674 95.264042 100.235324 90.360616 92.502524 109.676930 101.958167 86.805346 87.286539 104.957227 96.031584 88.256594 96.407751 98.401054 91.367337 92.209060 94.863932 97.265756 95.811120 97.656791 97.295958
110.853085 84.311985 92.128293 95.076020 92.837571 89.488906 98.023381 78.555890 97.264705 97.276201 92.249374 100.823007 100.187314 92.512150 99.553165 79.492779 84.916204 91.595901 102.115608 95.524212 94.539380 98.733352 88.806031 91.254000 109.436978 100.965074 86.082776 86.310307 103.793321 95.069701 86.822006 95.541091 96.601222 91.152299 90.487157 93.312131 95.885912 93.655403 95.613697 96.089728
109.968369 83.233092 91.310831 93.352925 93.107079 88.342890 96.968946 78.626565 96.397641 96.345360 90.397178 98.149755 99.162405 91.310908 98.989147 78.603918 84.214369 91.179541 101.515491 94.147842 93.459489 97.279017 86.909807 91.166460 108.049066 99.933735 85.344607 85.776284 102.752927 93.993599 85.173261 95.031919 95.397088 89.539477 89.394652 92.702357 94.935965 92.579185 94.275673 95.561092
111.043585 84.170058 93.264012 94.873853 93.823339 89.634587 98.080971 79.300039 97.561488 97.547663 91.902395 100.029793 99.342844 92.093143 100.473373 79.116705 85.168860 92.223000 101.789098 95.702898 94.724312 98.651995 88.451032 91.602649 109.842937 101.771617 86.713352 87.207560 104.596333 95.735802 86.625407 95.617147 96.443115 90.343549 90.988983 93.277670 95.798430 93.828229 95.713722 96.896692
109.902187 83.954473 93.599483 94.321658 93.368096 90.753061 97.453989 79.195549 97.837099 96.049658 91.544615 99.774092 98.790773 91.838503 99.918501 79.046809 84.552506 91.819618 101.048307 95.996398 94.673230 98.393301 87.986133 92.228416 107.985628 101.443095 87.179329 87.174698 103.057404 96.074080 85.699503 95.764338 94.971288 89.820938 90.989850 92.154426 94.252233 93.094062 95.112628 96.786338
109.179767 82.618531 92.814255 93.537869 92.543351 89.700066 95.450567 77.873892 96.834009 94.513491 90.898309 98.935907 97.723189 90.520351 98.239730 78.030573 83.515790 90.522711 100.704266 95.547009 93.345109 97.951242 86.500214 91.399989 107.508624 100.538934 86.202092 86.044133 101.254856 94.945368 84.627308 95.000678 94.014050 88.644580 89.012309 91.350820 93.083600 90.985095 94.669300 94.450077
109.152629 82.416078 92.825430 94.122452 92.498040 90.692659 96.319902 78.317757 97.328846 95.674832 92.438076 99.146902 98.155064 90.753089 98.661785 78.088544 83.592439 90.618588 101.253198 96.543612 93.439721 97.803285 87.116924 91.755670 107.933262 102.691207 87.626647 86.465524 102.754859 94.918066 85.185216 94.985971 94.438382 88.538859 88.545674 91.872111 94.200552 91.869086 94.899182 95.376932
108.901534 82.702950 92.916953 94.443642 93.065971 91.312457 95.991024 78.544333 98.394322 96.826447 92.890224 99.995724 97.500036 91.837087 98.297862 78.676054 84.773202 91.460660 101.472974 97.330891 93.598384 97.518338 87.386051 92.314785 108.551622 103.415281 87.486213 86.274485 102.264312 95.783899 85.611624 95.211675 94.079208 88.664591 89.801364 92.937663 94.098155 92.285706 94.330505 95.960980
109.937536 83.642338 93.435796 94.729300 93.507570 91.395736 96.239135 79.207086 99.899161 98.029964 93.462976 100.623450 98.211319 91.858247 98.855815 78.796704 85.118157 92.553498 101.252413 97.865929 94.749265 98.781633 88.454699 94.040015 109.244833 104.256995 87.891819 87.163188 102.092068 97.403470 87.453108 96.462669 94.380670 89.233334 91.257605 93.858835 95.626120 93.265770 95.450974 97.585336
108.534399 82.201043 92.340878 92.651979 92.349753 88.916668 95.174512 77.999723 98.297523 96.526277 92.077718 100.181260 98.571933 91.558940 97.397770 77.966703 83.195822 91.201695 99.101809 97.190452 92.936589 97.507980 86.729323 92.876584 107.534419 102.951289 86.580045 86.395657 100.048953 96.351877 86.690381 95.628198 95.127613 87.915159 89.501943 92.385249 94.254737 91.892654 93.843017 96.415012
109.958553 84.175400 94.084957 94.687756 94.535620 90.725753 96.038420 79.732987 99.555325 97.701329 93.540101 102.102301 100.754317 92.513478 98.941173 79.249718 84.599005 92.467092 100.554192 98.699252 94.771310 99.164343 88.623131 94.204767 109.148167 104.103894 88.172503 88.039113 102.193256 97.854773 87.934807 96.890522 96.607680 88.778664 91.056342 93.941593 95.644408 94.300311 94.790079 99.103744
109.343701 84.128991 94.341319 94.228263 94.729267 90.269320 96.013417 79.043267 99.516300 97.305274 93.386805 101.669310 100.939827 92.541571 98.378745 78.273238 85.261009 92.509677 100.077445 99.523271 95.509727 99.271299 89.065926 93.939369 109.824860 104.045887 88.583971 87.372384 102.612571 97.854614 88.075490 96.805953 96.410820 89.218072 90.575322 93.704667 95.324202 94.967365 94.675176 98.987424
110.567090 83.964564 94.383416 95.644327 95.106052 91.382499 96.230949 79.129762 99.781263 97.104630 93.004980 101.148506 101.689250 93.650983 99.040050 78.889490 86.564545 92.662734 100.634085 99.934669 95.421902 99.490630 87.975780 93.814346 108.878785 104.644623 89.086578 87.066979 102.580554 98.933242 87.913887 96.686438 97.164384 89.071117 91.872680 94.015117 95.256194 94.478691 95.288222 99.096701
110.641009 83.971866 93.921275 95.891289 94.947246 91.145119 95.609208 79.350579 99.080831 97.432323 93.119996 101.224833 101.421524 93.240166 98.345500 78.562508 86.240930 92.670523 100.259140 99.628472 94.739790 99.379499 87.894414 93.651616 107.648046 103.805895 88.989143 87.281749 102.495097 98.647621 88.026065 96.222640 96.274582 89.155620 91.322084 94.311348 95.150665 92.891141 94.692804 98.667125
110.922068 83.403968 93.054180 96.198368 94.204523 91.551849 95.664948 79.383283 99.439402 97.007575 92.288099 102.264624 101.085607 93.774120 98.746095 79.209990 86.172579 92.567200 100.268617 99.661254 94.242579 100.230658 87.266198 94.291479 107.520602 103.904213 88.560024 88.038158 102.397737 99.196723 87.613940 96.482089 96.195759 89.428176 91.022910 94.076791 94.650500 92.737150 94.794541 96.961099
112.862855 84.006114 93.131217 96.060100 94.895830 91.253535 96.288344 79.459557 100.086287 98.050549 92.459267 101.403483 102.341666 94.383989 99.678719 79.662247 86.437528 93.697270 100.856204 99.330603 94.731346 100.805782 88.467700 94.888710 107.756074 104.050945 89.374004 89.512903 102.286358 99.754800 88.445552 96.969205 96.729843 89.119998 91.127954 94.383531 94.743803 94.017116 94.910681 97.546591
112.667004 84.026279 93.044699 96.467495 94.289316 91.029202 95.895348 79.878784 100.313280 97.534533 92.120374 101.495876 102.150366 93.402403 99.471010 79.571703 86.628138 93.845619 100.043843 99.006028 94.166281 101.291638 88.231526 93.753476 107.234333 104.465691 89.000661 89.257331 102.296219 99.685495 87.988019 96.711140 97.141742 88.790790 90.029130 95.230921 94.920583 93.775636 95.021137 98.147553
115.386198 85.224361 94.435639 97.361941 94.416251 91.917883 97.350466 81.214916 101.719759 98.069396 93.591291 101.940430 102.721105 95.517848 100.437378 80.162809 87.679102 94.710768 101.901154 99.688056 94.520438 102.237634 89.735546 94.694204 109.742594 105.526707 89.733846 91.833835 103.934558 100.384675 89.793880 98.047662 98.654680 89.711222 90.502797 96.213128 95.836190 94.675065 95.620156 100.163499
115.465953 85.640673 93.669146 96.869299 93.400595 91.660805 96.920783 81.031255 100.200486 96.624501 93.853326 101.355743 102.647746 95.190477 100.095781 79.907844 87.346241 94.600262 101.429092 99.848384 93.692876 101.464755 89.044480 94.862435 109.308362 104.467968 89.797258 92.052041 102.552238 100.569332 89.732146 96.784807 96.994390 88.686926 89.808157 96.020258 95.149583 93.580486 94.544202 100.037131
116.153789 86.742049 95.975748 98.688865 94.828016 94.336398 97.673341 82.151775 101.167282 97.819098 95.432208 101.881300 103.680850 96.607346 101.948533 81.034135 87.809475 95.790473 102.299947 101.584269 94.892257 103.055607 89.786730 97.102953 111.130476 105.176687 90.421073 93.869703 104.405303 101.840368 90.999557 98.707351 98.737760 90.203546 91.771772 98.215251 96.574437 94.447298 96.657078 101.988384
114.027472 86.199595 94.085288 96.888703 94.114388 92.257847 96.762298 81.649594 100.807163 95.871601 93.710173 99.833612 102.143177 96.671983 101.688680 79.737005 86.694040 93.841842 102.037508 100.122773 93.533329 101.371374 88.578081 95.447590 109.866194 103.223645 88.853568 92.646572 102.429582 100.960462 89.788194 97.745911 97.815828 88.873597 91.714012 97.087035 95.165207 93.348642 96.444708 102.049991
112.087758 85.191067 93.605088 96.313542 93.825577 91.366509 95.676320 80.051670 99.876214 95.495265 92.765815 98.348584 101.538529 96.185760 100.814946 78.391606 85.493919 93.210469 100.192701 98.388197 93.326415 99.829276 87.729682 93.986889 108.539469 102.801283 87.763662 91.746911 101.505553 98.989872 88.850489 97.145438 97.065624 88.726057 90.633946 96.495665 94.116037 91.548685 95.243476 101.079950
111.881821 85.013885 93.341417 95.535120 93.318761 92.434387 95.193877 79.948815 99.378043 94.620836 92.602130 97.138411 101.266012 95.982362 101.018168 78.268117 84.922348 93.457469 99.810777 96.611652 92.444516 99.122575 87.146802 92.418853 108.212167 103.259106 86.403830 91.172072 101.623263 97.750021 88.394706 96.533513 96.130608 88.880024 91.082794 95.888570 93.513384 92.152019 95.095150 100.850051
112.093212 85.316742 93.991095 95.741966 93.594290 93.191399 95.282661 79.865399 99.489529 95.173672 92.536073 97.975425 101.041480 96.729699 99.675855 78.319958 83.388848 93.923315 99.030308 97.337837 92.580215 98.437683 87.250104 92.358779 106.781654 103.293925 85.757676 89.994752 101.289563 98.130785 87.763587 96.714458 94.980056 88.749058 91.594195 95.297516 93.875485 90.868717 95.139970 100.514069
112.874931 86.166994 94.745118 96.327548 94.095589 94.016502 96.233794 80.243698 100.209713 95.284092 92.909656 98.534068 101.720991 97.802236 100.490339 79.175825 83.249113 95.163620 99.768432 98.369567 93.932287 98.866400 86.946779 92.937243 108.017177 104.990744 86.703183 90.632721 101.679570 98.492781 88.248821 97.803350 96.111975 88.861839 92.599827 96.011697 94.288302 92.062733 95.368981 101.006978
112.879884 85.803951 94.669284 96.459500 94.285424 93.847375 96.173930 79.860982 100.247620 93.810128 92.013629 97.584135 101.467783 96.202080 99.161070 78.830351 83.375843 95.097808 99.393478 97.629678 93.551993 98.506268 86.100046 92.544850 108.155172 103.847421 86.094130 89.907719 100.704635 98.010997 87.280181 97.996055 94.720199 88.446584 91.291814 96.197017 93.646240 91.694098 95.932014 100.683098
114.381536 86.807342 95.608031 97.500816 94.922934 94.151433 96.705710 80.835196 100.686618 94.568119 92.713219 98.629877 102.118055 96.388324 99.954882 79.238864 84.503991 94.992859 100.248312 98.528847 93.439298 98.680303 86.245568 94.450302 109.576953 103.874739 86.385293 90.292356 101.455971 97.767031 88.206467 99.149260 96.001301 89.608027 92.273786 97.897996 93.683715 92.654912 97.778389 101.481189
115.263651 86.522325 95.370050 97.206385 94.895688 93.657215 95.663991 81.267546 100.116987 94.860321 92.047275 99.010003 101.949888 96.566002 100.932747 79.544506 83.878198 94.449782 100.065175 98.265005 94.382796 99.008827 85.999742 93.935901 109.493006 103.816559 85.844068 90.540406 100.268473 96.845498 88.457856 99.297159 94.669511 89.258136 91.944266 98.234310 93.581224 93.124222 97.730847 101.119040
114.484995 85.975464 94.977199 95.566635 93.535299 93.261375 94.278957 80.861102 100.264154 93.728307 91.424178 97.587537 100.798561 95.088429 100.201586 79.062458 82.892940 94.267292 99.957326 97.676761 92.903062 97.979897 84.929425 92.833936 108.511282 103.110664 84.703430 89.636810 99.720573 96.035783 87.140194 98.650588 93.534009 88.814997 91.282474 97.959779 92.604368 92.048632 98.092473 100.676081
113.437464 85.578224 93.732583 95.250391 93.187542 92.577670 93.139887 80.288927 99.424265 93.568565 90.626157 95.855301 99.784351 94.733049 99.234174 79.060324 82.443032 92.781440 99.579902 97.280647 91.678415 97.047378 85.308831 91.045934 106.565756 102.838737 83.868594 89.103147 98.746929 96.180227 85.945884 97.517835 93.034456 88.579363 91.411384 97.707056 91.439252 90.961962 97.145397 100.792642
112.429065 84.884120 93.787334 94.771357 93.197259 91.471258 93.222208 78.907998 98.670785 93.486822 88.796504 95.060235 99.342422 95.163111 97.601804 78.858588 82.311902 92.527808 98.630680 96.775691 91.275796 97.350658 85.050266 90.451196 106.306627 103.224769 83.259435 89.537333 97.502390 95.769535 85.917279 97.673228 92.943076 88.118383 89.850656 97.440412 90.857027 90.565358 96.255418 99.996124
112.968233 85.451763 94.813881 95.568767 94.803339 92.440561 93.188695 79.503702 99.351108 95.102573 89.377576 97.001420 99.253176 96.965223 98.928940 79.211336 82.562867 93.088137 100.024206 96.843229 92.026050 96.930398 85.046073 90.548132 107.176099 103.296214 83.586391 89.534584 98.458343 95.772230 86.255180 98.165366 93.318372 88.442041 90.467585 97.797176 91.313652 91.287303 96.702540 101.075452
113.878463 85.766450 94.129301 96.017964 94.684140 92.270880 93.380582 79.573637 99.021810 95.212428 90.023070 97.505737 99.903493 96.654199 98.870800 79.677495 81.891369 92.890041 99.996294 96.442383 92.491882 96.414227 85.123870 91.100548 106.542949 103.568717 83.390360 90.381953 98.214011 95.558002 86.003229 97.782773 93.420625 88.484670 89.427285 97.254185 91.974897 91.531198 97.098884 101.561929
115.540034 87.370522 95.428211 96.841548 96.155057 93.769211 94.321781 80.414667 99.143393 96.540949 89.793184 98.439161 102.427284 97.193333 99.419528 80.737489 82.898137 94.575332 100.451439 96.916484 93.426415 97.382714 86.606760 91.842035 107.146837 104.540792 84.219289 91.365646 99.179431 96.036992 86.664405 98.691860 94.839970 89.689099 90.917558 98.383833 92.461557 92.299083 97.431517 103.708824
115.747839 86.835109 95.106335 96.228061 95.490763 92.885059 94.013407 81.014341 98.498514 96.078040 89.601200 98.206559 101.147683 97.531863 98.960134 81.319231 83.012420 93.923767 100.475336 96.341369 93.118434 96.802950 85.952149 91.537424 107.125251 103.955163 83.785639 90.991539 99.820959 95.368189 85.773018 97.212312 94.469621 89.373967 90.156131 98.184864 91.268494 91.998281 96.296225 102.475215
115.247988 86.994139 95.407146 96.326027 96.277643 92.985255 95.117965 81.769580 98.170028 96.398439 89.738280 97.209442 100.960083 97.873223 98.976715 81.750287 83.484756 94.871819 100.488257 96.615238 93.283971 96.409492 85.260814 90.561029 106.707551 103.409869 83.807379 89.900476 101.098719 95.258206 85.846448 97.474004 94.058810 90.035271 89.969686 98.761582 91.118878 91.422640 95.938967 101.826542
115.349597 86.350646 94.214700 95.149494 94.396354 93.703207 94.291830 81.396758 98.725367 96.025137 88.459002 96.708408 99.941529 97.118030 99.213895 81.022132 82.488427 95.015193 99.522497 96.600505 91.847363 95.099150 84.923467 89.051880 105.547745 102.381892 82.145403 89.234314 100.456893 93.657144 84.164292 97.064766 92.731792 89.032589 89.753121 98.471358 89.058301 91.114487 94.816957 101.529125
115.442858 86.337226 95.044905 94.873155 93.927825 93.600429 94.493341 81.601598 98.591751 95.168227 89.010416 95.744235 100.000269 97.097527 98.693055 81.890894 83.319675 94.517689 98.193456 96.767623 92.078374 95.099673 84.623297 88.854492 104.729816 102.470387 82.438548 89.685769 101.307865 93.610013 85.326494 97.858422 92.488288 88.172463 89.643837 98.868350 89.621556 91.062741 94.554528 101.739859
115.670101 87.655559 96.898075 95.936998 94.996931 93.585668 95.000920 82.126184 100.175810 96.277604 89.775071 97.080385 101.240200 98.467691 98.474242 83.212142 84.765340 95.074969 99.401973 97.048822 93.621931 96.992562 86.688231 89.815534 105.790859 103.168950 82.752862 90.440016 103.221135 94.333920 86.565175 99.583156 93.109370 90.209225 90.732707 100.068753 91.857646 92.552996 95.418500 102.213082
115.755904 87.696765 96.671137 95.026641 95.630947 93.970543 95.799828 81.589320 99.956613 97.072220 90.199251 97.125097 101.149916 98.232278 97.873314 82.478866 85.063741 95.740198 99.266738 96.699118 95.052505 96.388932 85.770292 90.931827 106.038817 102.293965 83.315064 90.923091 103.382253 94.144230 86.391722 99.722976 92.600725 89.808131 91.603725 100.121253 91.541325 92.739218 95.938463 102.735108
115.471910 86.004798 96.042567 93.933607 94.872995 93.350971 95.218382 80.172774 99.242995 97.083761 89.767631 96.511925 100.149940 97.759702 96.237903 82.479548 84.357815 94.469805 98.391936 95.683365 94.282583 95.578060 85.007781 90.405240 104.863528 101.956228 83.906423 89.060874 104.158142 93.281910 84.291719 98.812094 92.211549 89.579722 91.166658 100.205869 89.613692 92.057229 94.345718 102.115541
115.892755 84.973634 96.130994 93.368860 94.815605 93.578015 95.240302 79.988901 99.405160 98.308780 89.782590 96.640941 100.565845 97.324367 95.888655 83.077866 84.661699 93.864957 98.531453 95.566326 94.416318 94.997409 85.470361 90.239828 104.544909 103.386156 83.794132 88.375897 103.163815 93.123037 84.081185 98.483575 91.226544 89.978300 90.622935 99.413355 88.237296 91.440634 94.624829 101.673809
117.598477 85.576407 98.275029 94.327743 96.450399 95.528881 96.914883 81.289211 101.068405 100.481345 91.892674 97.361371 102.339013 98.964025 97.967972 85.379247 86.156799 96.064725 98.649945 96.966218 95.464293 96.772444 86.817164 91.803826 106.175813 104.823889 84.717297 90.247123 104.611706 94.906142 85.724603 100.523394 92.681377 90.373690 91.686558 100.588232 88.126154 92.694867 95.995907 104.024910
116.747599 84.628322 96.736471 93.166920 95.606605 95.059962 95.119121 79.989896 99.400127 98.606837 90.689852 95.405366 101.518686 96.801488 96.345303 83.758911 84.922454 94.917493 96.239088 95.677615 93.938184 94.251667 84.467148 90.691790 104.616004 102.620462 83.717233 88.524380 102.250159 93.053849 85.408910 99.531723 91.349226 89.795702 90.366921 98.073221 86.553512 91.224392 95.062486 102.380268
117.752521 84.896059 96.620496 93.711342 95.334408 94.171492 94.643944 79.640654 99.337560 98.311331 89.878687 96.038327 101.062793 96.423342 96.702303 84.383245 84.260452 93.989074 96.727845 95.668450 93.972052 94.826775 85.202187 91.118012 104.628275 104.217658 83.564465 87.989565 102.671823 93.540471 85.280129 99.172204 91.235940 90.185418 90.479474 98.356201 86.996569 90.980650 94.817321 103.080296
116.542739 85.181125 95.531097 93.022326 94.484583 93.910869 93.440450 78.889330 97.933311 97.535679 87.838610 94.741146 100.109689 95.529146 96.159290 83.430922 83.643003 93.895064 96.203823 94.713139 93.821552 93.528519 85.264592 90.737090 103.994988 103.084568 83.349801 87.514127 101.092673 93.578129 84.562874 98.571739 90.415510 89.803738 89.223260 97.743307 85.213066 89.741161 94.164673 102.456865
115.683256 85.004605 95.630199 93.442716 95.221484 95.107883 93.582902 78.959743 98.071082 97.548521 87.931523 94.962706 101.047358 96.090816 95.850837 83.183810 83.972013 93.863819 97.199668 94.724899 94.701773 93.122199 85.278544 90.007563 103.362366 103.198191 83.580351 87.495817 101.021436 93.678622 84.495290 99.962237 90.085064 89.204604 88.528450 97.544800 85.048848 90.297132 94.505191 102.464877
115.166181 84.896027 95.477894 93.591288 96.218709 94.427321 94.724835 78.645308 98.542016 97.868792 87.790088 94.511145 100.969173 96.311585 95.408178 83.125602 82.962885 93.681963 97.225852 95.355927 95.430697 93.566127 85.479409 89.121045 103.396916 103.973670 82.536879 87.700309 102.825712 93.549899 84.885217 99.654186 89.583549 89.352558 88.603617 97.275662 84.730506 91.401167 93.781888 102.159794
115.033543 83.325402 95.092696 92.689104 95.822976 94.166421 94.248555 77.657690 97.812258 96.744473 87.151562 94.073794 99.823046 94.767968 94.616700 82.329109 81.989495 92.607953 97.309876 93.962197 94.326236 91.966373 84.833176 88.182712 102.339537 103.486622 82.330718 87.679486 101.846002 93.355802 83.588262 97.278310 88.260921 88.225651 88.203620 95.646341 83.305302 90.946505 93.248326 101.459208
116.206111 83.365395 95.579799 92.746595 96.193687 94.580127 94.947447 78.088151 98.474365 97.560693 87.492415 94.961885 100.345272 95.466470 95.744366 83.066071 82.737953 93.088084 97.237943 94.763879 95.098670 92.477426 85.572880 90.067513 103.692218 103.458701 83.377454 88.030326 102.494111 94.832002 83.974510 97.113305 89.163336 89.756206 88.360768 96.596547 85.088130 91.768132 93.351628 102.594834
116.634362 83.308231 95.635439 91.963903 95.948672 95.214030 96.154218 77.382702 98.890166 96.741571 87.134883 94.217383 101.201784 96.508852 95.646949 83.197824 82.924046 92.836825 97.731662 94.081404 95.301031 91.846352 84.791350 89.904172 102.902141 103.504941 82.945157 88.214823 102.013811 94.437152 84.327056 96.581161 89.335611 88.817174 88.770214 96.905717 84.561696 91.174999 94.326821 102.275746
117.069132 84.232240 96.601486 92.752727 96.243061 94.756590 96.611112 78.282415 100.280810 98.413299 88.260684 94.768368 101.851748 97.361197 96.846705 83.336264 83.904873 93.506719 98.443469 94.908615 96.292384 91.414662 85.870774 90.536243 104.477028 104.790189 83.923213 89.672964 103.054587 94.746172 84.688694 97.418556 89.390179 88.612377 89.488386 97.236624 85.989415 91.480063 94.650602 102.773279
115.983416 83.303923 96.995993 92.876387 94.943777 94.078752 95.400107 78.058482 99.366065 97.126895 86.770434 93.236159 101.929338 97.186736 96.120392 83.054947 83.643102 93.177189 97.653497 93.555607 94.513079 90.479761 84.474909 89.723810 103.139302 103.804500 82.707769 87.815300 101.477020 93.636725 83.924882 95.935589 88.734362 87.365853 88.863948 96.809373 84.163169 90.668664 93.994312 102.252284
114.851506 82.390135 94.296861 91.402044 92.790047 91.956024 93.309323 76.682665 98.039636 95.899216 85.197034 92.145703 100.891161 95.921153 94.736859 82.179951 82.476050 91.711429 97.246232 92.156758 93.642358 87.642657 83.376676 88.931370 102.856269 104.201215 80.956748 86.021949 99.883928 93.020435 82.419386 94.416598 87.542099 86.472173 88.174208 96.273188 82.612358 89.597800 92.292127 100.190009
114.179574 81.132416 92.778369 90.184057 91.293179 90.176210 92.370187 75.327710 95.924061 94.459725 84.068896 91.095130 98.826847 94.826180 93.760614 81.448238 81.035556 89.930601 96.468841 91.404558 91.527622 85.351479 82.513664 88.248052 100.759835 101.773860 80.139235 85.062660 98.797810 91.636846 81.209338 93.462905 86.061090 85.386809 86.349182 95.618056 81.691260 88.533656 89.800279 100.080505
115.995775 82.521489 93.747009 89.459695 92.119748 90.186136 94.325906 75.711765 96.930168 95.852806 84.673787 91.443382 99.658458 96.137206 94.601553 82.825946 82.186268 91.046407 97.226482 92.533320 93.749128 86.795907 84.049635 88.863701 102.499786 101.752539 80.563255 86.130497 100.776165 92.807535 82.559967 94.148698 87.742580 86.546838 87.581785 97.014237 83.011375 90.256174 90.995683 100.381603
117.580315 83.697265 94.838336 90.545691 93.467472 91.106962 95.208901 75.770431 97.624642 96.272417 85.077514 91.710332 100.612198 97.405669 95.250523 83.420461 82.407471 92.091506 98.624529 92.804744 94.712572 87.423039 84.451168 89.666746 104.231156 103.725971 80.615954 86.663613 102.293568 93.799629 83.017867 96.006969 88.817335 87.501320 88.554038 98.139366 84.465797 90.891467 91.955716 101.320885
116.457223 83.616733 93.948279 89.101355 92.057843 90.869165 95.368055 75.522965 96.374812 95.164191 85.097843 91.391817 99.944275 96.778256 93.812094 82.047760 81.472451 91.650928 98.204700 91.028309 94.492652 87.031749 83.241859 88.105675 103.778286 102.431741 79.668415 86.060820 101.550107 92.336282 82.486281 94.690092 88.154244 87.882829 87.800407 95.768646 84.256844 91.113805 90.622286 100.148822
116.904566 82.866063 93.078072 87.891771 91.220241 90.891607 95.948258 74.885448 94.800401 95.250053 84.323320 90.776406 99.563176 97.111672 92.480561 80.978168 80.836815 90.676639 97.327439 90.356336 94.142520 85.976793 82.598528 87.516364 102.217642 101.984893 79.218001 85.177072 100.965674 92.461929 82.425713 94.217213 87.415696 87.210141 87.745816 96.118842 84.175007 90.801677 90.708698 99.739761
116.744807 82.277422 93.320063 88.401608 91.742961 91.422877 96.130978 75.508415 95.762111 95.844570 84.025313 90.537073 99.603058 97.584908 94.131331 80.148448 81.596166 90.981408 97.689276 90.308270 94.788838 86.127911 84.106577 87.730135 103.721412 102.883622 79.084509 86.170774 101.453238 93.209291 82.675005 94.967757 88.918624 87.263678 88.029453 95.885551 85.355573 91.962293 91.468335 100.926822
116.321930 82.031577 94.381634 87.907675 90.451109 91.675014 95.932214 75.238831 95.560312 95.237885 84.245980 89.751007 99.348383 98.409011 94.195533 79.702529 82.225540 91.361684 98.220575 90.559687 94.146434 86.822023 84.038116 87.661989 104.632055 101.389467 79.893054 86.319226 101.633862 92.726234 82.656646 95.415549 89.273856 87.019600 87.898324 95.331044 85.548027 91.326786 91.373533 100.893672
116.236848 81.546122 93.342440 86.923531 89.807484 91.329037 95.084481 74.177186 95.601895 93.929953 82.942447 90.147446 98.593210 97.928508 93.962039 78.685400 82.109192 90.767758 98.156695 89.470593 93.891909 86.311523 82.920557 86.049134 102.438500 101.491158 79.940745 85.965253 100.545486 92.504946 81.866817 93.851294 88.454284 86.300109 88.166286 94.292646 84.518263 91.020634 90.951130 100.177552
116.749618 83.208090 93.837957 88.015261 91.981282 91.880027 96.579029 75.327787 97.286845 94.771069 83.375032 92.333435 100.024284 99.985641 95.962883 80.565022 83.545118 91.984827 99.284109 90.395676 94.699772 88.168320 84.072960 87.519698 104.950946 102.006843 80.372460 87.151710 102.766840 94.440794 83.791138 95.776527 89.564779 87.783255 89.034715 96.218094 86.613095 91.655154 92.000012 102.222626
115.413377 82.523095 93.441915 86.662235 91.539332 90.914149 95.004779 74.852269 96.882126 93.748132 82.879803 91.361173 98.558248 99.771278 95.226797 80.664623 82.716745 91.353692 99.287164 89.406793 94.269336 88.161429 83.674969 87.225820 104.317546 101.530677 79.419631 87.498704 101.418303 93.845605 82.392662 95.545919 88.741392 87.575709 87.949167 94.552304 86.502200 90.335982 91.245505 101.308278
114.632007 81.786365 93.389715 86.625317 91.367466 90.585740 94.836136 73.818632 96.428727 93.918557 81.727541 90.589956 98.429138 98.885200 93.955984 80.380591 82.885446 90.546842 99.230891 89.564456 93.741208 88.532461 82.757369 87.388260 103.419888 101.226743 79.063929 88.116277 101.133853 94.379143 82.113407 94.430932 88.933583 86.771207 88.118491 94.137355 86.840494 90.329525 91.202756 100.378903
111.791566 79.736706 91.023978 84.384276 89.472957 88.190990 92.782004 72.181110 94.114437 91.167015 80.245745 87.945795 97.109320 96.844631 91.562506 78.838818 80.492593 88.572443 96.597803 86.483222 90.753785 86.180257 81.729093 85.266017 100.899399 98.695511 77.031580 86.684406 98.743673 91.899522 80.587210 92.069634 87.212449 84.153425 86.452339 91.911465 85.239185 89.312604 88.291283 98.004858
110.888357 78.786350 89.254694 83.528138 87.948282 87.007422 90.713861 70.867405 92.746156 90.509863 79.172511 87.631797 95.489693 95.008504 89.628036 77.900262 80.259049 86.580451 94.808565 85.035393 88.783065 83.973268 80.988853 84.075743 100.385043 96.616496 76.054591 85.710361 98.400284 90.838830 80.133378 91.596056 85.902063 83.329076 85.495046 90.614239 84.642952 87.652232 86.866272 97.301227
110.561737 79.337351 90.535569 83.998912 88.179895 86.563888 91.476646 71.297849 93.746830 90.761584 79.613166 88.206063 95.868546 95.425051 90.552156 78.535025 80.725535 86.886621 95.981910 85.254293 89.098567 84.163795 81.106657 84.365274 100.697465 96.953990 76.554268 85.625544 99.161751 91.914078 80.380204 91.520405 86.661718 84.043346 86.605595 90.787538 84.890436 87.953380 87.487897 97.075964
111.193292 80.795006 90.667954 84.647817 89.388814 87.151431 91.612535 71.265478 95.083348 91.779358 81.037313 89.709273 95.858643 96.348564 91.238429 79.259886 81.873326 87.223613 96.537800 85.993863 89.251824 84.480585 81.267092 84.917628 101.949127 98.204724 77.287752 86.986303 99.890845 92.622795 80.005439 92.204986 86.841908 84.738454 88.124261 91.256500 86.090838 88.806141 89.253823 97.494423
113.544743 81.829131 92.344417 85.933189 89.927659 87.701590 92.951941 73.047568 96.795721 92.397338 81.776288 90.685024 96.611678 98.215264 92.635522 79.597257 82.526157 89.053034 97.787075 87.303303 89.622905 85.852329 81.390169 85.612730 102.976773 98.304986 78.833509 87.642351 100.661288 94.259103 81.196661 93.756061 87.818526 86.496819 89.174504 92.332396 87.477143 90.390050 90.535575 99.176854
114.207331 83.323250 92.624140 86.629189 89.844867 88.382288 94.231323 73.890969 98.295904 93.857867 83.313605 90.895215 96.953012 99.521482 94.043860 80.768212 83.149358 89.180349 98.384344 88.992563 89.359654 86.690349 81.471276 85.602778 103.193231 99.532116 80.055563 89.651599 101.498080 95.979101 81.841409 94.625309 89.157512 87.546117 90.969146 93.206118 87.897686 89.821426 91.343083 100.698464
113.205081 82.885434 91.801412 85.132016 88.993376 86.770648 93.182067 73.576849 96.745293 92.999955 82.495076 90.275453 96.568901 99.789879 93.072390 79.100688 83.495081 87.987512 97.612351 88.196563 88.447340 85.107027 81.008511 85.129311 102.653112 98.478812 79.312652 89.172407 99.770197 95.839616 81.804490 93.012041 88.349543 86.693583 90.992207 91.623895 86.594104 88.666984 91.029983 99.673896
112.503127 83.228799 92.172007 85.455851 89.661737 86.369874 94.095616 73.892709 96.657278 92.964818 83.039702 89.711728 97.145202 99.914319 93.299278 79.173168 84.294907 88.639094 98.034714 88.235234 89.467036 85.676215 81.301282 85.951912 102.592581 98.977330 79.505854 90.027898 100.588301 96.191379 82.033686 93.272002 88.956485 87.086283 90.666640 92.629865 87.574154 89.023064 91.216565 100.429876
111.828765 81.412879 91.020015 83.920347 89.734038 84.470069 92.400351 72.260918 94.767004 91.714344 82.371798 88.204115 95.366916 98.851030 90.657222 78.495138 83.158253 87.577808 97.052248 86.825466 89.672048 85.179890 79.758840 84.231350 101.315693 97.681899 78.775156 88.576526 98.984507 94.777451 81.086627 92.431383 87.832173 85.870595 90.012525 91.708967 86.511477 87.453801 90.439646 99.376221
112.612357 81.729431 91.175171 84.045808 90.616099 85.094156 93.169412 72.238149 95.891724 92.170972 83.545689 88.762874 95.612305 98.836385 90.294624 79.194902 84.264865 87.872347 97.275446 86.952419 90.316022 85.442488 80.895881 84.409684 102.370431 98.270987 78.303295 88.963037 99.068413 95.535760 80.957255 93.430011 88.559887 86.531937 91.398955 92.330592 86.965447 88.347699 92.413328 100.025958
111.127040 81.181366 90.711266 83.270907 89.935524 84.359930 91.911084 71.887908 94.901906 90.482166 81.895412 86.812625 95.294293 98.048204 89.306420 78.469228 83.885340 86.388584 96.563328 85.834088 89.439586 83.548079 79.205689 83.360022 101.321615 97.317884 77.573702 87.729683 98.563190 94.371692 80.973982 92.818256 87.247605 85.427078 90.456688 91.915257 87.060073 87.121504 91.737038 99.129154
111.022601 81.489206 91.100374 82.891366 90.151921 83.948227 92.039996 71.694273 94.959684 89.434978 81.560764 87.442904 94.475278 97.820003 88.591384 78.970278 84.106957 85.855366 96.940876 86.119736 88.518371 82.463649 77.945230 83.418699 100.341043 96.498477 76.688440 87.707936 98.184073 94.551672 80.430049 93.324134 86.684193 85.092983 89.731550 92.218723 86.471473 86.330876 90.970365 97.992618
109.573979 81.187126 90.017608 81.944584 88.852628 83.305995 90.351958 71.065940 94.498190 89.305950 80.590536 86.667193 93.636933 96.894522 88.416645 77.936725 84.086003 84.405281 95.253395 85.321334 87.537507 82.383007 76.689628 82.646531 99.040722 96.447750 76.664052 86.509241 97.245119 92.808177 79.880272 93.113237 86.064909 84.095918 88.852646 91.020115 84.935688 84.762291 89.462489 97.357465
110.671595 81.548946 90.733327 82.559668 89.084784 83.581571 91.568006 71.279370 94.367923 89.919250 81.578126 88.090808 95.049355 97.947534 88.448312 77.904609 84.912883 85.111419 95.693173 85.948006 88.338408 81.688587 76.689049 81.970414 99.934794 97.536436 77.122727 86.965497 97.165738 93.191698 80.358028 93.856180 85.350844 83.999082 89.426553 91.358789 84.676086 84.271744 90.106506 98.046661
109.437470 81.254942 90.733617 82.624622 89.693985 82.654178 90.765392 71.160256 93.794571 90.240177 81.475053 87.398580 95.200799 98.053816 87.302368 77.563058 84.768302 84.380805 96.096565 85.769943 88.860375 81.219189 76.600261 81.651726 100.149807 97.663449 76.403716 87.481480 96.474134 92.426403 80.495632 93.448145 85.746948 83.543370 89.552350 91.874327 84.846317 84.517625 89.503508 99.231549
109.397627 81.023490 90.080909 82.641450 89.888730 81.931918 89.867655 70.718210 93.968420 89.856782 81.082338 86.856342 95.112058 97.447675 87.324492 78.286395 84.501968 84.156237 95.786116 85.687484 87.796135 80.388842 76.620365 81.439113 100.116141 98.773518 76.007889 87.451678 96.582336 92.359896 79.651946 92.995983 85.506763 82.410397 88.811446 92.060273 85.013710 83.827001 89.317644 98.063410
109.268034 81.321199 89.811345 82.395323 89.572635 81.142967 89.957002 70.210780 95.216282 89.130199 81.184916 87.739534 94.734588 97.582572 87.925564 78.278260 84.128077 84.924999 94.819413 85.630591 87.199703 79.906337 76.301131 80.807432 99.406736 98.758123 76.118548 88.238554 96.571191 93.196035 79.751463 92.980790 85.591180 83.385832 89.619799 91.839912 84.498045 83.592225 88.726908 97.365632
108.681498 81.631007 89.231972 82.226008 88.997228 81.694658 89.839951 70.062256 93.968421 89.443756 80.934459 86.765045 95.187376 96.584435 87.899983 78.436400 83.638680 85.317606 94.547630 85.632118 86.847166 79.348614 75.955119 81.165264 99.135803 97.965189 76.084376 88.666057 97.120082 92.388845 79.633173 92.921385 85.077237 82.831134 88.429361 91.217070 83.946746 83.220988 88.075777 97.395805
105.770881 79.648470 87.414500 80.431204 87.138490 79.401070 87.679196 68.942323 92.614873 88.846967 78.342870 85.739365 93.045097 95.603029 85.944325 77.015474 81.956970 83.035361 92.336534 84.038544 85.173951 77.725822 75.276717 79.904357 97.276269 96.733866 75.422038 87.351594 94.932945 90.845512 77.856566 92.107223 84.228458 80.909015 86.296099 90.082140 82.156035 81.892891 87.005042 95.206506
106.082488 80.526863 88.477378 81.134528 87.331893 80.112145 88.534785 70.608209 92.645339 88.761089 79.486074 86.727307 93.831613 95.316732 86.252155 77.754453 83.220520 83.460417 93.134686 84.978341 85.994707 77.938454 77.158190 80.402023 98.301569 98.119785 77.276736 88.636458 95.494905 91.313016 77.979439 92.234383 85.941206 81.688795 87.471194 90.035159 82.634172 82.390913 87.712492 95.298973
106.239909 80.939309 88.776466 81.559030 88.133254 80.452810 88.596631 70.452179 92.392116 89.314493 79.618670 87.319014 94.321413 95.430136 88.199601 78.228014 84.080644 83.509445 93.643800 86.052787 86.836471 78.266883 77.169307 80.714561 98.621832 97.913256 77.613638 90.013376 95.572653 92.609776 78.533337 91.755605 85.534663 82.327048 88.276339 90.953919 82.960497 82.518380 88.864555 95.502199
106.422603 81.364735 89.427543 82.490645 88.225673 80.457899 88.960395 70.920071 93.090718 90.837039 80.877991 87.348201 95.660733 95.026769 88.044602 78.786155 84.255916 83.832743 94.888005 86.467404 87.488850 78.036360 77.658689 81.572220 99.571490 99.539632 78.499039 91.095098 95.797260 93.017099 79.599396 91.474307 86.051602 82.720288 89.159386 91.921360 83.454305 83.194286 88.580124 95.777142
105.507871 80.633169 88.909837 82.253595 87.503419 80.518086 87.832671 69.815831 92.219581 90.218922 80.165251 86.726663 95.586388 94.681037 87.074746 79.064876 84.513599 82.621266 93.857840 85.336525 86.806864 77.964980 77.302805 81.021992 98.582993 99.220683 78.514325 90.582392 95.210140 92.425504 78.776225 89.961388 84.883472 82.282538 88.546283 91.236365 82.286494 83.178394 89.001911 94.897495
104.215767 79.676408 88.566001 81.437476 87.700075 79.954649 88.202638 69.017307 91.881268 90.002018 80.111613 85.992313 95.031550 94.019389 86.329185 78.610990 84.833658 81.809446 94.134107 85.520597 87.154045 77.268516 75.933166 80.906028 97.915986 99.625270 78.903863 90.503358 94.997059 91.281652 78.013353 89.538355 84.589117 81.446240 88.150333 90.138619 81.533404 83.398399 89.586798 95.015629
105.076844 80.081606 89.642587 81.840722 87.885383 80.719251 88.515890 69.902672 92.620705 90.853328 81.203790 87.510917 95.527498 94.347792 87.187586 79.908599 85.309079 83.048147 94.691177 85.939262 87.864124 76.947061 75.918601 81.789843 97.900913 100.005209 79.583940 92.061547 95.680060 91.594617 79.049761 89.946440 85.116448 81.791053 88.190670 90.026254 81.894306 83.817778 90.686430 96.930458
107.351347 81.043206 90.409776 81.524679 88.976834 82.307115 90.000277 70.492641 93.701917 91.314599 81.902026 87.868632 96.406649 95.664630 88.118266 80.447369 86.235823 83.986977 95.210333 85.785905 88.032548 78.045583 78.020424 82.686923 99.271202 101.059061 81.109699 92.710164 96.254551 92.606069 79.247407 89.753836 85.183560 82.639889 89.097309 92.093443 82.441253 85.333511 91.317120 97.950849
107.306645 81.303386 90.150929 81.921665 89.935334 82.719296 89.720836 70.371420 92.626513 91.288075 81.861926 86.833217 96.041215 95.276991 87.681488 80.210184 86.350806 83.884803 94.471314 86.163352 87.877320 77.765128 77.127131 82.966878 98.016990 100.120498 80.811771 92.866780 95.827423 92.030598 79.983405 90.592484 85.619474 82.688251 89.628731 91.333911 82.539820 84.832146 91.340336 97.356175
107.010852 82.116749 90.714068 82.237433 89.762383 82.922076 89.088594 70.641636 92.200534 90.843522 81.893211 86.723015 95.427693 95.384824 87.019456 79.470457 86.613669 83.032652 94.991722 86.205391 88.253615 78.410639 77.132542 81.998174 98.278445 100.879563 80.448894 92.834485 95.423441 92.149318 80.804485 91.351685 85.512820 82.862046 89.727284 91.576237 82.280943 85.271198 91.761653 96.865918
104.845426 80.604519 89.435220 81.413784 88.362816 81.094764 88.279865 69.502585 90.048384 89.511324 80.730362 85.064993 94.698073 95.018920 86.014172 77.746740 85.337964 81.695671 93.584899 85.173920 86.869633 77.466423 76.481563 81.090669 96.938582 99.379343 80.103265 90.842636 94.037901 90.919833 79.160617 89.662333 85.418484 81.131055 88.564456 89.919772 81.085858 84.187008 91.023070 96.032469
104.107711 80.862839 89.003047 81.317485 87.930936 80.684970 88.096269 69.352684 89.751827 88.886554 81.098568 84.852118 95.579724 93.412102 85.487037 77.391837 84.444863 81.978032 92.888836 84.746364 85.695725 77.639384 75.447642 79.489165 96.645002 98.732644 79.212148 90.668171 94.031168 90.429130 78.667182 88.479578 84.772994 80.512678 87.788388 88.409734 80.984022 83.783924 90.989375 95.705478
103.122502 79.986424 87.805108 80.191836 87.342916 79.870515 87.329312 68.756082 88.454961 87.581126 78.973145 83.761211 94.085989 91.855691 85.073333 75.840816 83.860967 80.883717 91.454828 84.246094 84.893257 76.806815 74.002702 78.910964 94.878533 97.943616 77.762518 89.585192 93.410228 89.023382 77.785814 87.417058 83.765436 79.160378 85.954159 87.601850 79.297072 82.128267 89.982490 94.391637
102.463195 79.000101 87.671055 79.976302 86.975685 79.026452 86.833789 67.731809 87.229742 86.424987 78.341627 82.904015 91.474799 92.036111 84.529944 74.977112 83.550906 80.792701 90.811048 83.438669 84.831170 76.685159 73.664383 78.555311 92.935779 96.895702 76.856323 89.289151 92.565367 88.179024 78.091152 86.950701 82.562001 78.784402 85.084335 87.332176 79.477457 81.015318 89.663498 93.962189
101.821898 78.714785 87.176401 79.344619 87.107025 79.458677 86.066681 67.260031 86.085655 85.839820 78.752753 82.155497 90.800338 92.227025 83.835864 74.146747 84.147616 80.607809 90.538868 83.004528 83.678525 77.096142 73.428295 79.215991 92.970909 96.033316 76.326816 89.494134 91.823749 87.232701 78.704542 87.087659 82.996894 78.402174 84.708115 87.428988 79.520414 81.533859 89.324447 94.440935
101.748530 79.067295 87.464285 79.859616 87.619300 79.412759 86.738297 67.448326 85.795751 86.303930 79.167436 83.459128 91.275157 93.026106 84.385683 74.211713 85.412768 81.202509 91.500321 82.926017 85.359692 78.399080 74.171637 79.564972 92.961038 96.782310 75.979397 90.185919 92.488956 88.105309 79.055138 87.434360 83.392856 78.662370 84.865842 88.084051 80.077369 81.193537 89.896237 94.064782
101.336774 78.608231 86.938383 79.706352 87.483847 79.734834 85.596761 67.608999 85.246317 85.244783 78.783734 82.552633 90.370917 92.850263 83.483504 73.737911 85.641377 80.091110 92.056580 81.992292 85.532254 78.065954 74.107035 79.919368 92.695163 96.413420 76.154863 90.808138 91.959219 88.246940 79.186323 87.506290 82.580904 78.835833 85.050809 87.566116 79.280231 80.515883 90.275677 93.785906
101.685097 78.936699 87.805722 80.725518 87.758056 79.848590 85.302800 67.640778 86.069354 85.459195 79.512169 83.136165 91.383082 93.141506 84.089617 74.011497 85.610697 81.095565 92.586018 82.204432 86.351882 78.332988 73.755971 80.289307 93.178447 96.752401 76.332367 90.729485 93.444669 88.892809 79.571557 88.646237 83.073107 79.063007 85.685033 86.962282 80.277104 80.695259 91.075904 94.708376
101.024468 78.669083 87.340861 79.293576 85.581157 78.593144 84.074592 66.461418 84.756357 84.151216 78.399600 81.573029 89.768551 91.675829 83.129259 73.500941 83.973799 79.689926 91.102628 81.001453 84.703865 77.168803 72.542415 79.223538 92.211039 95.745389 75.213313 88.429354 92.051813 87.131574 78.565297 86.912634 82.535781 77.191844 84.063534 85.054908 80.050056 79.146671 90.138169 92.632772
98.982030 77.376037 85.737650 77.981900 83.736353 77.048196 82.556540 65.185646 82.642419 82.291395 77.552236 79.219010 87.717594 89.386356 81.632888 72.328269 81.849739 77.723549 89.223685 79.349685 83.274029 75.154987 71.351549 77.386994 89.550556 94.021117 73.381716 86.390447 91.326507 85.926336 77.090085 84.699243 80.477284 75.081460 82.198887 83.998161 77.995202 76.925675 88.572674 91.029650
98.116465 77.092230 85.429355 78.189553 83.784222 76.397816 82.168788 65.338484 82.663053 81.443310 77.419431 79.920152 87.775142 88.444450 81.805589 72.562348 81.914824 77.132571 89.418313 78.509714 83.295680 74.594101 70.496997 76.719596 89.186577 95.704115 73.656635 85.816273 91.011644 86.759258 77.158051 83.848931 80.823857 74.650728 82.198433 84.159072 77.989215 77.333840 88.711173 90.132597
95.811720 76.188023 83.704995 76.539863 82.379198 75.696121 80.484118 64.134905 81.963345 80.058837 75.419765 78.507869 86.168802 86.798008 80.731397 70.298092 79.828515 75.725643 87.850597 77.936457 82.049967 73.916253 69.630667 74.936991 87.644500 94.304985 72.524387 83.544252 89.698987 84.862305 75.727217 81.946455 79.954481 73.730340 81.346654 83.024811 76.659389 75.623979 87.753864 88.472916
96.560023 77.286922 82.995111 76.489762 83.731666 75.631999 80.563516 64.226708 82.479129 80.736275 75.145263 77.791216 86.391168 87.070253 80.923864 70.442161 79.866459 75.530820 89.597500 78.544921 81.909561 73.601822 69.336561 74.674055 87.257519 93.591695 72.585360 83.974247 90.294522 84.830211 75.875124 81.803075 80.532301 73.803374 82.282689 83.691185 76.187034 75.635790 88.487544 89.665035
96.876792 78.955704 83.795222 76.690177 84.389087 76.337201 81.317050 64.678042 82.972605 81.863040 76.941360 79.068580 87.163109 86.918165 82.324261 71.392257 80.677826 76.426943 90.890032 78.942803 83.467324 75.261353 70.416100 75.720313 87.828007 94.266884 72.323358 85.082445 90.572304 85.550916 76.549356 81.699819 81.343963 74.183972 83.789243 84.644518 76.851269 76.204310 90.283228 90.266364
98.593942 79.693102 84.202412 77.095877 84.711236 77.265296 81.528300 65.473093 83.802295 83.127351 76.699490 79.966665 87.654715 87.770521 83.244163 72.026538 81.137031 76.485675 92.007017 79.454585 84.022408 76.577242 71.137674 77.202938 88.968747 95.141864 73.292072 85.531908 91.957060 86.483743 77.692635 83.232370 81.381470 75.280782 83.789555 85.828763 77.625290 77.102848 91.058141 91.541377
97.920163 79.566873 83.859593 76.517359 83.967323 77.374112 81.047923 65.024960 84.075934 82.706182 75.227863 78.942599 86.502894 86.291980 82.358150 70.513977 80.266630 76.031380 91.163609 79.144309 83.553703 76.415587 70.412603 77.288322 87.656441 94.427763 72.663799 84.507725 90.432745 85.951725 77.454829 82.622083 80.990638 74.585337 83.199846 85.088561 77.749449 76.743612 90.666297 91.412200
97.538110 80.782124 84.116305 77.290732 84.391053 77.556317 80.878222 65.137217 84.701968 82.623990 74.746673 78.910555 86.356128 86.520553 82.585901 70.225137 79.232637 75.620464 91.142631 79.885873 83.553928 75.910816 70.407946 77.469313 87.666799 94.472241 72.640095 84.721976 90.775255 86.214878 77.382868 83.445596 81.200175 74.699902 83.279005 85.865772 77.688173 76.901008 90.864322 91.485775
97.618889 80.500448 83.498169 76.181879 83.770674 77.029803 80.155118 65.132299 84.920660 82.414871 73.996629 78.548745 86.245933 84.595861 81.498414 69.847853 78.862124 75.159787 89.375737 80.407001 83.070238 75.908562 70.292206 76.776082 87.475650 93.949380 72.632830 83.164329 89.135012 85.791315 77.114869 83.889555 80.119898 73.959731 82.506705 85.138527 77.341843 76.296234 90.610724 90.695583
98.161361 80.157081 83.793430 76.769357 83.658639 76.632882 80.049718 65.581871 84.879525 82.322973 74.241100 78.876237 85.472333 85.167821 82.349166 70.086279 79.633756 75.714499 89.469212 80.571152 83.912602 76.371837 69.706259 77.607143 88.203392 94.509029 73.269463 83.545267 89.693810 85.378034 77.451008 84.285104 80.945015 73.675236 82.984899 85.321521 77.792967 76.757682 90.818592 90.388621
98.944987 80.732125 85.184978 77.858945 84.299732 77.426091 81.274335 66.162782 85.479046 83.028282 74.839886 80.084000 86.877195 86.183884 83.422725 70.559123 81.737714 76.344694 90.624142 81.619411 84.928225 76.356706 70.951200 77.763973 88.659446 96.668199 73.735352 84.974427 91.062087 87.104837 77.671013 85.104183 82.047219 74.544379 84.679057 85.600262 78.124266 78.855163 91.809745 92.191458
99.838892 82.255520 85.884966 78.551878 85.877768 78.770231 81.600855 66.506955 86.350582 83.798091 75.172177 80.716012 86.910712 86.247408 84.420006 71.210218 82.315760 76.899942 92.091641 83.100336 85.099572 75.592312 72.074537 78.178335 89.598496 97.331493 74.056597 86.531751 92.640460 87.716119 77.601973 86.200941 82.206853 74.657194 85.249908 86.714813 78.702947 79.505207 93.234802 93.211211
99.514545 82.527988 85.931093 78.499454 86.533127 79.372921 81.775379 66.143861 86.527080 83.473430 74.820587 80.438642 87.553672 86.246815 84.182202 71.376621 83.212172 76.971741 92.872369 83.077251 85.670210 76.610178 71.778721 78.815025 90.595938 97.761062 74.435161 87.280043 92.366466 87.735863 78.706233 87.235790 83.265673 74.773226 85.367278 87.231242 79.197562 80.630054 93.420977 93.326694
98.765853 82.312938 87.053787 78.238690 87.041673 80.180043 80.768588 65.606460 85.353349 83.396947 74.915272 80.762432 87.026889 86.011218 83.790583 71.018019 83.716698 76.855718 93.910570 83.497063 85.386078 76.175006 71.113228 78.334712 91.661470 96.517761 73.616804 88.006043 92.539582 87.618197 79.135488 86.587722 83.437005 75.325641 85.071516 87.999783 79.026316 80.630434 93.379877 93.695083
98.344623 82.129788 86.891871 78.871335 86.806101 80.077698 80.797829 65.500064 85.153086 83.820640 74.392199 79.945416 87.033985 86.329411 83.241116 71.320371 83.693223 77.163177 93.251527 83.320648 84.966650 75.701774 71.889943 78.772906 91.678305 96.878562 74.709297 87.521676 92.783176 88.023901 79.461053 86.955746 83.591074 74.961078 85.046111 88.966252 78.852434 80.475072 93.310581 93.466907
98.655546 82.741225 88.675143 79.321376 87.691424 80.840909 81.169479 65.475660 86.024876 84.675239 75.812198 80.088335 86.594211 86.898619 84.354754 71.904034 84.130364 77.273212 92.896992 83.035314 85.207231 76.220501 72.236045 79.598670 91.869633 98.968844 75.309382 87.980520 94.150094 88.465314 80.042139 88.353852 83.908277 75.432496 86.451205 89.097949 79.748042 81.335599 93.655546 93.781256
98.768722 82.979312 88.637972 79.552790 88.581482 81.305041 81.069987 65.296732 85.015438 85.121080 75.307145 80.324117 87.141469 86.465187 83.420270 72.638370 83.650469 77.108657 93.212648 82.690579 84.863391 76.066007 72.040902 79.297270 92.471121 99.339861 75.158727 88.140623 93.434809 88.241660 79.714793 89.417237 84.475249 75.533150 87.711202 88.315217 79.829954 81.229538 93.597834 93.644453
98.666395 83.335805 89.468607 80.747740 88.864352 81.044497 80.937900 65.429482 84.526246 85.340522 76.036574 80.432686 87.121992 86.961214 84.615571 72.228015 84.662823 76.495053 94.533176 82.818330 84.479606 77.031178 72.295433 78.981636 92.059260 99.979702 75.315496 88.633073 93.403913 89.757885 79.938851 88.975009 84.940636 76.306276 87.741074 90.008387 80.247402 81.109879 93.785842 94.108946
97.163671 83.877747 88.005177 81.009407 88.642372 81.298173 80.844439 65.483297 84.319321 85.483552 75.669792 79.819744 86.513195 86.639389 85.194090 72.372571 85.265439 76.397585 94.636818 82.596122 85.172115 77.602579 72.366724 79.652860 92.461108 99.812149 75.739261 88.708448 93.876903 89.638499 79.900466 89.035223 84.025484 76.310466 87.655509 89.329942 80.298396 80.104841 93.597443 93.690544
99.301851 85.394862 89.140576 82.274948 89.930428 81.948170 81.501797 66.700318 86.224057 87.563420 77.120898 80.665672 88.234866 88.233388 86.303382 73.756113 86.345471 77.246804 96.428338 84.227012 87.149899 79.029975 74.101663 81.244586 94.000889 101.880410 76.610015 90.175212 95.930592 90.764829 81.456002 91.115733 86.025337 78.848459 89.091084 91.744204 82.687440 80.509772 94.702746 95.616694
98.898729 84.800820 87.650125 81.653542 89.904493 81.753959 80.406903 65.928576 86.075734 87.332276 76.498306 79.917951 88.081474 87.731214 85.485180 73.606176 85.824003 76.434979 95.984405 83.573124 86.169180 78.071562 73.938991 79.362674 93.428986 101.943798 76.084060 89.963893 94.896228 90.493469 80.400866 91.697982 85.565833 78.476677 88.828702 91.088586 82.283850 79.082645 94.117361 94.734171
100.393495 86.455263 87.803066 82.916540 90.497449 82.839899 81.748002 66.870877 87.578333 88.924174 77.594440 81.189678 89.365012 88.940366 86.555578 73.789369 85.907027 78.064686 97.019024 84.469620 87.406910 79.767429 75.628720 80.892489 94.289026 102.899618 78.037033 90.922870 96.274957 91.508402 81.365266 93.884951 86.951007 78.997585 89.798368 92.003376 83.594804 80.563192 96.264644 96.265583
99.242805 85.301375 87.025296 83.088234 89.227992 82.202816 81.317619 66.500148 87.686490 87.533307 77.470920 79.874807 87.897326 88.277039 86.225363 73.557877 85.204201 77.660233 95.933130 84.254527 86.412099 79.580232 74.879495 80.628907 94.330384 101.792800 77.206951 90.493934 96.053294 91.791401 80.822315 94.001321 87.658644 77.520688 89.142887 90.565385 82.952776 79.572854 94.927149 95.426528
98.978017 84.598177 87.293622 82.745190 88.971183 82.695412 81.007914 66.053577 87.098004 87.401389 77.561150 79.437393 86.769643 88.005674 86.142693 73.980143 84.968592 77.483473 95.965929 83.768049 86.253550 79.718489 75.210605 80.442877 94.103612 101.757740 77.582516 91.003265 95.694055 92.137028 79.902623 93.021667 87.238181 77.291973 89.198473 90.096503 82.050539 79.669918 94.934264 95.121563
99.510909 86.011906 87.201567 83.769141 89.599770 83.069180 81.709692 66.781370 87.958120 87.975390 78.331352 79.998820 87.112594 88.527862 86.642963 74.600606 85.850801 77.352702 96.672558 83.509973 86.865571 80.049033 75.880112 81.681792 94.599155 103.408740 77.587347 92.718229 97.920509 91.737423 80.598771 94.750056 87.958952 77.608748 89.646293 91.091196 82.651094 79.673979 95.763286 96.659775
100.039245 86.284234 87.566169 83.315404 90.466649 82.802612 81.153538 66.263038 87.840854 89.050480 78.154859 80.333426 87.334772 89.062493 85.935478 74.303649 85.929313 78.030906 96.873600 84.091728 86.452262 79.864600 75.792776 81.619532 94.555638 102.746896 77.737931 93.258628 98.146089 91.442842 80.431670 94.401785 87.935629 77.629701 89.354863 91.771158 82.419536 79.548630 95.805548 95.684298
100.854155 87.574290 89.110644 84.544604 91.784822 83.310320 82.102415 67.215106 88.290539 90.956976 79.040325 80.833668 88.252239 89.780200 86.140316 76.016360 88.243779 79.441962 97.493235 86.225933 87.346434 80.318522 76.958120 83.001922 95.182649 103.149129 78.731624 94.707798 98.882768 92.795642 81.146133 95.822471 88.309085 78.578598 89.843893 92.267644 82.889815 81.053567 97.417863 98.129602
101.990008 88.120014 90.058972 85.452384 92.527167 84.373850 83.353284 68.005488 88.767206 92.050564 79.438916 81.869145 89.364432 90.855117 87.396277 76.744997 88.961689 80.641834 97.268033 86.576310 87.282858 80.948694 77.288096 82.573322 96.537340 103.593505 80.484430 95.192901 100.131957 94.015278 81.797208 96.872780 88.850251 79.244998 90.187982 93.485261 83.344043 82.219221 97.687806 99.826427
100.794754 87.813843 89.079906 85.461799 91.631678 84.996110 82.488410 67.907723 88.406402 92.154763 79.041967 80.886054 88.879892 91.384316 87.441252 76.003129 88.213249 79.196076 97.057638 86.462094 86.357856 80.080587 77.297750 81.599847 95.983124 103.518728 80.315426 95.289182 100.193430 93.337283 81.898790 96.532870 89.166507 78.647184 89.722737 92.952314 82.775457 81.874535 96.648479 99.018787
102.158941 88.970015 90.043400 86.893324 92.557548 85.242941 83.364064 67.600599 88.863203 93.850029 79.474254 82.340323 90.677418 91.995034 87.841553 76.493143 88.705018 79.742521 97.848907 87.603949 86.816259 80.399858 77.492071 82.523281 97.089096 103.741386 80.959433 96.273671 100.550505 94.394710 82.720093 96.794380 89.585176 79.658962 90.748980 93.978272 83.190079 81.988461 98.534024 100.355870
101.060911 89.359666 89.630801 85.975289 91.528244 85.130825 82.849805 67.606410 89.115402 94.144165 79.907192 81.435879 91.092902 92.204427 87.440122 76.776272 88.409939 79.858622 97.857821 87.881754 86.812468 80.702235 78.211034 82.087414 96.887515 104.779624 81.125292 95.174344 99.786006 94.478537 82.436013 97.745060 90.213059 79.139348 90.964856 94.664477 83.070255 81.550693 98.062009 98.927324
101.355429 90.114414 89.186893 85.801317 91.331715 84.370389 83.121903 67.664838 89.206009 94.663230 80.337741 81.693471 91.051633 91.608315 87.600315 76.512072 88.003492 80.534758 97.718971 88.269840 86.913134 80.962582 78.548536 82.002234 96.744820 105.139177 81.637077 94.584667 98.951793 94.720997 83.042268 97.712296 90.771153 79.226328 91.134197 95.323943 82.061915 81.677789 98.884814 98.515918
100.696247 90.308130 88.830942 85.318870 91.273251 83.476186 82.972617 67.228600 89.467076 93.813858 79.789874 81.927471 90.528698 91.041724 88.068035 76.610837 88.034381 81.329009 98.082411 88.912636 86.013760 81.091884 77.900443 81.032116 96.173711 104.670951 81.844786 94.876199 98.371037 94.666270 83.109729 97.996075 90.406733 79.135568 91.020670 94.843323 82.189841 81.496409 99.464210 97.895130
100.560053 89.763017 88.872390 85.048618 91.465456 82.828676 82.590067 66.372010 89.438166 94.079837 79.777111 82.295875 90.529665 91.301448 87.795171 76.196113 88.027168 80.537219 97.854706 89.147742 85.743535 80.546071 77.630966 80.601964 95.411560 103.452161 82.456558 94.525038 99.546887 95.094600 81.454280 96.941188 89.596787 78.796952 90.724394 95.055230 82.193226 80.952200 99.006833 97.655538
100.052756 89.594235 88.643433 85.303215 92.222451 83.344108 83.049853 66.164849 90.067230 93.586587 79.509022 82.905936 91.346660 91.604451 87.366058 76.712440 87.966078 80.922374 98.916242 89.429332 85.999270 81.458512 78.316334 81.002874 96.264823 103.944030 83.794905 94.755352 99.690002 96.840280 82.019893 97.295952 90.032330 78.686362 90.266649 95.796775 82.415335 81.283760 98.914900 98.052713
98.343379 88.666079 87.901368 84.915691 91.849414 82.826884 82.193953 65.728451 89.619042 93.161094 79.644556 83.506689 90.264232 90.781056 86.492730 76.571381 87.633893 80.672196 98.616005 89.552943 85.797524 80.044603 77.465300 80.922426 94.944823 103.563855 83.525099 93.972311 99.214479 97.217137 81.863450 95.794369 90.126020 78.672767 90.436627 95.430313 81.667985 80.838024 98.024639 97.720680
99.837082 91.280086 89.353176 86.927828 93.055690 82.750542 83.513535 66.828476 90.907879 94.293485 81.179654 84.828303 91.675622 92.130322 87.686633 78.584694 89.035013 82.202794 99.369612 90.996846 87.019430 80.978694 78.365679 82.062067 96.746730 105.037927 84.270877 96.408888 100.044835 98.973204 82.858014 96.906827 91.272954 79.293649 91.523190 96.221184 82.610483 82.474156 98.187880 99.395765
99.979697 90.871920 89.703739 86.918790 92.300145 82.632278 84.114750 66.530237 91.099844 94.543213 81.574455 84.847970 91.342558 92.158423 88.426343 78.300115 88.025206 82.166990 100.246990 90.716941 87.717180 81.086697 78.741327 82.673805 96.719452 104.226639 83.787362 96.554963 100.282153 99.564452 83.565638 97.818601 91.185510 80.223224 91.862290 96.436753 82.477780 81.602207 98.474243 99.354081
99.417770 89.915097 88.693921 85.299210 91.841984 81.323148 84.124242 65.824352 89.880353 94.315774 80.673461 82.876523 89.661017 92.189925 87.895483 77.031992 86.589061 81.689035 99.300668 90.530490 86.794262 79.867035 78.280848 81.945944 95.079783 103.327733 83.187316 95.784131 98.852223 97.590052 82.865446 95.783071 89.883263 80.007072 91.146197 95.991364 82.365191 80.632686 97.506953 97.937683
99.948007 90.559830 87.945860 84.640437 91.971215 80.738384 83.467613 66.053746 90.363586 94.734453 80.620553 82.270821 89.024758 92.317170 87.701193 77.208584 87.127292 81.172286 99.546489 89.380874 87.025926 79.909647 78.262130 81.773268 94.765927 103.896171 83.215862 95.863862 97.928868 97.833873 82.819131 95.666765 89.920225 79.937689 90.925923 95.032075 82.239830 80.301566 97.314204 97.268509
99.206869 90.684249 88.513719 85.545665 92.694308 81.301772 84.185100 66.025950 90.364550 95.934740 81.194229 82.312311 88.931358 93.452390 88.137747 79.017626 86.779064 81.212842 100.412156 89.373615 87.827336 79.783181 78.630505 81.780179 94.926376 105.144629 83.752388 96.127602 98.975797 98.333316 83.016587 96.036087 91.046916 79.794225 91.877287 94.725255 82.429202 81.306373 97.433798 97.725337
99.879332 91.709544 89.399334 85.698682 93.352688 81.700559 84.613210 66.671215 90.560323 96.584422 81.726169 82.699796 89.101392 93.466445 88.730279 79.802795 87.834853 80.944236 102.451128 90.220845 88.741161 80.716528 79.590548 82.632735 94.409853 106.779079 85.530504 96.284063 100.167097 97.982144 83.710523 96.924488 90.975612 80.788882 93.045874 95.032442 82.849025 82.823495 98.037566 98.748906
100.937953 92.343888 90.590158 86.234954 94.123597 82.399873 83.980611 66.399383 91.516294 97.292631 82.350611 83.381208 90.479280 94.448199 89.889658 79.802512 88.842064 81.738840 103.313122 90.844378 88.578327 81.441977 80.650115 82.733496 94.168032 107.936540 86.378329 96.963985 101.118233 97.029693 83.683225 97.827994 90.073192 80.615533 93.340066 94.735065 84.191701 83.284229 98.223949 99.439267
100.442915 92.708016 90.887423 86.068111 94.159266 82.260553 84.813653 66.646837 93.115333 98.367743 82.961109 83.439772 89.899376 93.955820 89.034834 79.302793 88.893443 82.161645 103.505169 90.482550 88.198773 81.948699 79.780676 81.933426 93.213220 107.091013 86.271512 96.758481 101.201367 97.241566 83.399718 98.023690 90.052756 80.464761 93.640064 95.069037 83.970196 82.839869 99.010756 98.397921
100.397140 92.375150 90.894939 86.613493 94.778201 83.036939 84.589190 66.725855 93.531725 98.706207 83.539888 83.369610 89.707310 93.370918 88.270620 79.433060 88.940571 81.782738 104.887583 90.631086 88.222106 81.642536 79.601058 81.750975 93.535801 106.457002 86.088165 95.743809 101.154492 96.913770 83.847679 98.855943 89.902293 80.927619 93.140959 95.981809 83.850331 82.413913 99.572502 98.575463
101.128767 93.231915 91.125117 88.232321 95.949826 83.761222 85.919970 67.490583 95.273758 99.255206 83.602756 84.954100 91.690514 93.954523 89.125988 80.329063 90.012217 82.628404 105.478120 90.930933 90.188892 81.833448 80.411404 82.917002 94.573158 106.934749 86.893256 95.407462 101.829142 98.196698 84.763978 99.501581 90.897780 81.919359 94.640454 96.505097 85.012450 82.586895 100.400476 99.498542
100.105720 91.551131 90.460310 87.296668 94.440515 83.977538 85.107066 66.663634 93.919708 98.244874 82.760744 83.799344 90.940464 92.473607 88.398396 79.372447 89.270808 82.111213 103.572801 90.510051 89.787819 80.880630 79.331323 81.786352 93.340302 105.700340 86.563825 94.035676 100.945683 96.969892 84.289322 98.298520 90.482006 80.897398 92.928433 95.700445 83.722240 81.942942 100.134492 97.845902
100.623595 91.888106 89.513122 87.404901 94.992728 83.198385 85.403603 67.343312 93.473574 97.876511 83.207124 83.504399 90.249062 93.101904 89.689133 80.108814 90.154922 82.428776 104.036295 90.312489 90.145069 81.287862 78.706731 82.113823 93.281529 105.494731 85.951960 94.111976 101.222071 97.973919 84.386577 99.933265 90.021835 80.001333 92.985178 95.308603 82.924715 81.409890 100.196422 97.356232
101.638517 91.637173 89.657346 88.517253 95.138960 83.814506 85.783748 68.199618 94.631754 98.786450 83.229080 84.045349 90.613317 93.859791 90.165152 79.793606 90.192889 81.732539 104.995318 91.482829 91.323401 81.583857 78.595870 82.576130 93.338609 105.414630 86.312769 94.680520 101.740220 98.941321 85.307286 100.017444 90.699262 80.491186 94.077094 94.570656 83.114405 81.575062 100.726298 98.841723
101.314725 92.051241 89.521059 87.687193 95.677803 83.289704 85.315015 68.200139 94.697560 98.464460 83.640279 82.938481 91.073244 93.842644 90.035273 79.807051 90.283040 81.075950 104.046463 91.845198 90.681511 81.454047 78.176529 82.455136 93.067958 104.702613 85.290972 94.533996 102.193996 98.347335 85.467700 99.007284 90.121437 79.845516 93.455426 94.464329 83.523236 81.927337 101.215465 97.677563
101.492247 92.209001 90.671287 88.062626 96.618031 83.540287 84.586953 68.136251 93.953925 99.247473 84.974611 83.946870 90.799478 93.599759 91.924216 79.703417 90.247237 82.173145 103.417974 92.502329 90.830039 81.399133 78.368223 83.113251 93.439099 106.383546 85.263166 94.622405 101.474330 97.865110 85.582177 99.594729 91.043741 80.943514 94.219086 94.425573 84.784745 82.011285 101.434735 97.820502
100.537530 91.919563 89.774657 87.888964 97.659295 82.851045 84.087008 67.384831 93.226541 98.159179 83.711284 83.196732 90.661579 92.967976 90.541826 79.877205 90.091848 81.662068 102.952573 92.682051 90.960493 80.950095 79.166847 82.875200 92.726385 106.348049 84.808938 94.639936 101.020667 97.529681 84.605999 100.010730 89.204679 80.313974 94.230094 93.409562 83.622897 81.265176 100.111605 96.620424
100.547721 91.859753 90.179593 88.300871 97.710513 82.848495 84.197892 68.088630 93.603158 99.784016 83.502689 84.054160 90.080565 92.442734 91.220328 80.223999 91.190373 81.877144 103.930996 92.614033 92.219836 81.704179 80.228863 82.814810 93.262060 106.800158 85.687337 94.517411 101.736496 98.131458 85.959761 100.711167 89.508186 81.375498 94.319427 93.147557 84.256526 82.685955 100.932217 96.548059
